group,run_id,input,stage,display_step,stored_iteration,energy,curv,peak
l1_m12,20260729_Xpi_rcp_lemniscate_M12_w0_claim,rcp_lemniscate,projected_input,0,,327.4687751450962,15.465709518519692,31.763932412261642
l1_m12,20260729_Xpi_rcp_lemniscate_M12_w0_claim,rcp_lemniscate,checkpoint,1,0,327.4669249981788,15.465709882606305,31.7636209721019
l1_m12,20260729_Xpi_rcp_lemniscate_M12_w0_claim,rcp_lemniscate,checkpoint,2,1,327.4669249981788,15.465709882606305,31.7636209721019
l1_m12,20260729_Xpi_rcp_lemniscate_M12_w0_claim,rcp_lemniscate,checkpoint,3,2,335.6320777390338,15.64450783406138,32.3818650475978
l1_m12,20260729_Xpi_rcp_lemniscate_M12_w0_claim,rcp_lemniscate,checkpoint,4,3,331.8929541678571,15.476248960095045,32.92340515917922
l1_m12,20260729_Xpi_rcp_lemniscate_M12_w0_claim,rcp_lemniscate,checkpoint,5,4,323.359928464675,15.113657385686611,34.883664587029934
l1_m12,20260729_Xpi_rcp_lemniscate_M12_w0_claim,rcp_lemniscate,checkpoint,6,5,319.84794450469826,15.116133249385777,34.62154381327774
l1_m12,20260729_Xpi_rcp_lemniscate_M12_w0_claim,rcp_lemniscate,checkpoint,7,6,317.7659506249876,15.113947278506517,34.40132117942319
l1_m12,20260729_Xpi_rcp_lemniscate_M12_w0_claim,rcp_lemniscate,checkpoint,8,7,316.4644933385785,15.124383937068034,34.14520209122581
l1_m12,20260729_Xpi_rcp_lemniscate_M12_w0_claim,rcp_lemniscate,checkpoint,9,8,315.57588841750066,15.130719650722941,33.949520004785214
l1_m12,20260729_Xpi_rcp_lemniscate_M12_w0_claim,rcp_lemniscate,checkpoint,10,9,314.9304556900586,15.133776722444845,33.79374961746291
l1_m12,20260729_Xpi_rcp_lemniscate_M12_w0_claim,rcp_lemniscate,checkpoint,11,10,314.4347393006001,15.133874154075388,33.66709253623066
l1_m12,20260729_Xpi_rcp_lemniscate_M12_w0_claim,rcp_lemniscate,checkpoint,12,11,314.035370320323,15.13160310583922,33.56230937444565
l1_m12,20260729_Xpi_rcp_lemniscate_M12_w0_claim,rcp_lemniscate,checkpoint,13,12,313.6999267617067,15.12734330570256,33.481390247196025
l1_m12,20260729_Xpi_rcp_lemniscate_M12_w0_claim,rcp_lemniscate,checkpoint,14,13,313.4076237975407,15.121352630733508,33.41648110709834
l1_m12,20260729_Xpi_rcp_lemniscate_M12_w0_claim,rcp_lemniscate,checkpoint,15,14,313.1443848893062,15.113785036462628,33.363315525005426
l1_m12,20260729_Xpi_rcp_lemniscate_M12_w0_claim,rcp_lemniscate,checkpoint,16,15,312.9001312321671,15.104713017564315,33.31991509841414
l1_m12,20260729_Xpi_rcp_lemniscate_M12_w0_claim,rcp_lemniscate,checkpoint,17,16,312.6671973930286,15.094145791329986,33.28517034501489
l1_m12,20260729_Xpi_rcp_lemniscate_M12_w0_claim,rcp_lemniscate,checkpoint,18,17,312.4393545151673,15.082037701255619,33.25807228853087
l1_m12,20260729_Xpi_rcp_lemniscate_M12_w0_claim,rcp_lemniscate,checkpoint,19,18,312.21116706827456,15.068296654874162,33.23796283849125
l1_m12,20260729_Xpi_rcp_lemniscate_M12_w0_claim,rcp_lemniscate,checkpoint,20,19,311.9775342918638,15.052788130344096,33.22415966759461
l1_m12,20260729_Xpi_rcp_lemniscate_M12_w0_claim,rcp_lemniscate,checkpoint,21,20,311.73332808511833,15.03533583871015,33.21601592177306
l1_m12,20260729_Xpi_rcp_lemniscate_M12_w0_claim,rcp_lemniscate,checkpoint,22,21,311.4730689625709,15.015725345632845,33.21265356826157
l1_m12,20260729_Xpi_rcp_lemniscate_M12_w0_claim,rcp_lemniscate,checkpoint,23,22,311.1905933592959,14.99370127187378,33.212899278908544
l1_m12,20260729_Xpi_rcp_lemniscate_M12_w0_claim,rcp_lemniscate,checkpoint,24,23,310.87866244124115,14.968967174309451,33.21500218382989
l1_m12,20260729_Xpi_rcp_lemniscate_M12_w0_claim,rcp_lemniscate,checkpoint,25,24,310.5284450617212,14.941177960336436,33.21643314145217
l1_m12,20260729_Xpi_rcp_lemniscate_M12_w0_claim,rcp_lemniscate,checkpoint,26,25,310.1287646738341,14.909926748725272,33.21349276058844
l1_m12,20260729_Xpi_rcp_lemniscate_M12_w0_claim,rcp_lemniscate,checkpoint,27,26,309.66491582707323,14.874711060714658,33.20088194682349
l1_m12,20260729_Xpi_rcp_lemniscate_M12_w0_claim,rcp_lemniscate,checkpoint,28,27,309.1166822291162,14.834865054809944,33.17097832242745
l1_m12,20260729_Xpi_rcp_lemniscate_M12_w0_claim,rcp_lemniscate,checkpoint,29,28,308.4548306246053,14.78941223216504,33.112804109368234
l1_m12,20260729_Xpi_rcp_lemniscate_M12_w0_claim,rcp_lemniscate,checkpoint,30,29,307.63455986690377,14.736764990313556,33.01011824343806
l1_m12,20260729_Xpi_rcp_lemniscate_M12_w0_claim,rcp_lemniscate,checkpoint,31,30,305.94279376338625,14.658434279148938,32.88005115033749
l1_m12,20260729_Xpi_rcp_lemniscate_M12_w0_claim,rcp_lemniscate,checkpoint,32,31,304.2392253307834,14.572713744871976,33.01002691765409
l1_m12,20260729_Xpi_rcp_lemniscate_M12_w0_claim,rcp_lemniscate,checkpoint,33,32,301.6576103266172,14.451363811050388,33.210606950964326
l1_m12,20260729_Xpi_rcp_lemniscate_M12_w0_claim,rcp_lemniscate,checkpoint,34,33,297.3393002458892,14.261364384568605,33.57144369942395
l1_m12,20260729_Xpi_rcp_lemniscate_M12_w0_claim,rcp_lemniscate,checkpoint,35,34,289.22920414882753,13.917619717616196,33.91500143149976
l1_m12,20260729_Xpi_rcp_lemniscate_M12_w0_claim,rcp_lemniscate,checkpoint,36,35,289.22920414882753,13.917619717616196,33.91500143149976
l1_m12,20260729_Xpi_rcp_lemniscate_M12_w0_claim,rcp_lemniscate,checkpoint,37,36,283.87318577353267,13.701367439738629,33.931571383683384
l1_m12,20260729_Xpi_rcp_lemniscate_M12_w0_claim,rcp_lemniscate,checkpoint,38,37,278.0039357625656,13.478753159633728,33.707513683472285
l1_m12,20260729_Xpi_rcp_lemniscate_M12_w0_claim,rcp_lemniscate,checkpoint,39,38,264.63538907992347,12.982810360696028,33.12791210916323
l1_m12,20260729_Xpi_rcp_lemniscate_M12_w0_claim,rcp_lemniscate,checkpoint,40,39,264.63538907992347,12.982810360696028,33.12791210916323
l1_m12,20260729_Xpi_rcp_lemniscate_M12_w0_claim,rcp_lemniscate,checkpoint,41,40,259.1340765664239,12.798353272802176,32.69430657640917
l1_m12,20260729_Xpi_rcp_lemniscate_M12_w0_claim,rcp_lemniscate,checkpoint,42,41,248.9902435534442,12.460567047801664,31.91495286431308
l1_m12,20260729_Xpi_rcp_lemniscate_M12_w0_claim,rcp_lemniscate,checkpoint,43,42,248.9902435534442,12.460567047801664,31.91495286431308
l1_m12,20260729_Xpi_rcp_lemniscate_M12_w0_claim,rcp_lemniscate,checkpoint,44,43,244.60027535273204,12.328788639210696,31.460759123928057
l1_m12,20260729_Xpi_rcp_lemniscate_M12_w0_claim,rcp_lemniscate,checkpoint,45,44,235.6810568336419,12.063636052578662,30.624374892136572
l1_m12,20260729_Xpi_rcp_lemniscate_M12_w0_claim,rcp_lemniscate,checkpoint,46,45,235.6810568336419,12.063636052578662,30.624374892136572
l1_m12,20260729_Xpi_rcp_lemniscate_M12_w0_claim,rcp_lemniscate,checkpoint,47,46,230.1375717854554,11.924398285469236,29.949372776047554
l1_m12,20260729_Xpi_rcp_lemniscate_M12_w0_claim,rcp_lemniscate,checkpoint,48,47,224.20088163392714,11.791741543828547,29.278814954614006
l1_m12,20260729_Xpi_rcp_lemniscate_M12_w0_claim,rcp_lemniscate,checkpoint,49,48,211.86896534144455,11.600367114763408,27.896239465844403
l1_m12,20260729_Xpi_rcp_lemniscate_M12_w0_claim,rcp_lemniscate,checkpoint,50,49,211.86896534144455,11.600367114763408,27.896239465844403
l1_m12,20260729_Xpi_rcp_lemniscate_M12_w0_claim,rcp_lemniscate,checkpoint,51,50,207.1909834188953,11.575615128381507,27.189620859693946
l1_m12,20260729_Xpi_rcp_lemniscate_M12_w0_claim,rcp_lemniscate,checkpoint,52,51,197.44769126933792,11.474915764944145,26.174511288505943
l1_m12,20260729_Xpi_rcp_lemniscate_M12_w0_claim,rcp_lemniscate,checkpoint,53,52,197.44769126933792,11.474915764944145,26.174511288505943
l1_m12,20260729_Xpi_rcp_lemniscate_M12_w0_claim,rcp_lemniscate,checkpoint,54,53,191.92114730683016,11.437052730018905,25.946965591807484
l1_m12,20260729_Xpi_rcp_lemniscate_M12_w0_claim,rcp_lemniscate,checkpoint,55,54,186.04263048846624,11.372891659665662,25.587933131948315
l1_m12,20260729_Xpi_rcp_lemniscate_M12_w0_claim,rcp_lemniscate,checkpoint,56,55,175.20377573525718,11.242942075642008,24.70463603881082
l1_m12,20260729_Xpi_rcp_lemniscate_M12_w0_claim,rcp_lemniscate,checkpoint,57,56,166.33224537061167,11.210778724952823,23.73573272128526
l1_m12,20260729_Xpi_rcp_lemniscate_M12_w0_claim,rcp_lemniscate,checkpoint,58,57,158.49236877737283,11.085895792691083,22.906689354491704
l1_m12,20260729_Xpi_rcp_lemniscate_M12_w0_claim,rcp_lemniscate,checkpoint,59,58,149.95803732284256,10.845002189783662,21.995543086286176
l1_m12,20260729_Xpi_rcp_lemniscate_M12_w0_claim,rcp_lemniscate,checkpoint,60,59,139.52333647300443,10.448248371758604,20.744503637462756
l1_m12,20260729_Xpi_rcp_lemniscate_M12_w0_claim,rcp_lemniscate,checkpoint,61,60,139.52333647300443,10.448248371758604,20.744503637462756
l1_m12,20260729_Xpi_rcp_lemniscate_M12_w0_claim,rcp_lemniscate,checkpoint,62,61,131.26431081140208,10.069596913425734,19.6091138757022
l1_m12,20260729_Xpi_rcp_lemniscate_M12_w0_claim,rcp_lemniscate,checkpoint,63,62,131.26431081140208,10.069596913425734,19.6091138757022
l1_m12,20260729_Xpi_rcp_lemniscate_M12_w0_claim,rcp_lemniscate,checkpoint,64,63,129.4718642033074,9.979468585696056,19.331307125910012
l1_m12,20260729_Xpi_rcp_lemniscate_M12_w0_claim,rcp_lemniscate,checkpoint,65,64,126.22779656692748,9.813268139876639,18.849162043372303
l1_m12,20260729_Xpi_rcp_lemniscate_M12_w0_claim,rcp_lemniscate,checkpoint,66,65,126.22779656692748,9.813268139876639,18.849162043372303
l1_m12,20260729_Xpi_rcp_lemniscate_M12_w0_claim,rcp_lemniscate,checkpoint,67,66,123.94317136531909,9.688758050369158,18.76499042516614
l1_m12,20260729_Xpi_rcp_lemniscate_M12_w0_claim,rcp_lemniscate,checkpoint,68,67,123.94317136531909,9.688758050369158,18.76499042516614
l1_m12,20260729_Xpi_rcp_lemniscate_M12_w0_claim,rcp_lemniscate,checkpoint,69,68,122.40965698667944,9.60021708122397,18.91917073623142
l1_m12,20260729_Xpi_rcp_lemniscate_M12_w0_claim,rcp_lemniscate,checkpoint,70,69,120.79894051759943,9.506706308109617,19.060526333555803
l1_m12,20260729_Xpi_rcp_lemniscate_M12_w0_claim,rcp_lemniscate,checkpoint,71,70,117.49896615295152,9.308357079858528,19.324480979617306
l1_m12,20260729_Xpi_rcp_lemniscate_M12_w0_claim,rcp_lemniscate,checkpoint,72,71,117.49896615295152,9.308357079858528,19.324480979617306
l1_m12,20260729_Xpi_rcp_lemniscate_M12_w0_claim,rcp_lemniscate,checkpoint,73,72,115.21182119949248,9.162228424135316,19.50500603897237
l1_m12,20260729_Xpi_rcp_lemniscate_M12_w0_claim,rcp_lemniscate,checkpoint,74,73,115.21182119949248,9.162228424135316,19.50500603897237
l1_m12,20260729_Xpi_rcp_lemniscate_M12_w0_claim,rcp_lemniscate,checkpoint,75,74,113.68532076059579,9.058718476836667,19.633984526365353
l1_m12,20260729_Xpi_rcp_lemniscate_M12_w0_claim,rcp_lemniscate,checkpoint,76,75,112.1101531274761,8.951181382256804,19.752446336226583
l1_m12,20260729_Xpi_rcp_lemniscate_M12_w0_claim,rcp_lemniscate,checkpoint,77,76,108.94679964300317,8.726858542272469,19.97655359467887
l1_m12,20260729_Xpi_rcp_lemniscate_M12_w0_claim,rcp_lemniscate,checkpoint,78,77,108.94679964300317,8.726858542272469,19.97655359467887
l1_m12,20260729_Xpi_rcp_lemniscate_M12_w0_claim,rcp_lemniscate,checkpoint,79,78,106.90039675909652,8.566244266420773,20.147341274121406
l1_m12,20260729_Xpi_rcp_lemniscate_M12_w0_claim,rcp_lemniscate,checkpoint,80,79,104.81144710048952,8.399680160741884,20.300272013876764
l1_m12,20260729_Xpi_rcp_lemniscate_M12_w0_claim,rcp_lemniscate,checkpoint,81,80,100.7335868674891,8.052301974020025,20.588222275070684
l1_m12,20260729_Xpi_rcp_lemniscate_M12_w0_claim,rcp_lemniscate,checkpoint,82,81,100.7335868674891,8.052301974020025,20.588222275070684
l1_m12,20260729_Xpi_rcp_lemniscate_M12_w0_claim,rcp_lemniscate,checkpoint,83,82,99.26588806515409,7.919827899140825,20.710136692595846
l1_m12,20260729_Xpi_rcp_lemniscate_M12_w0_claim,rcp_lemniscate,checkpoint,84,83,96.44747833589031,7.690866934615712,20.925430320276494
l1_m12,20260729_Xpi_rcp_lemniscate_M12_w0_claim,rcp_lemniscate,checkpoint,85,84,96.44747833589031,7.690866934615712,20.925430320276494
l1_m12,20260729_Xpi_rcp_lemniscate_M12_w0_claim,rcp_lemniscate,checkpoint,86,85,94.60772917333968,7.542691606516038,21.079914651782282
l1_m12,20260729_Xpi_rcp_lemniscate_M12_w0_claim,rcp_lemniscate,checkpoint,87,86,94.60772917333968,7.542691606516038,21.079914651782282
l1_m12,20260729_Xpi_rcp_lemniscate_M12_w0_claim,rcp_lemniscate,checkpoint,88,87,93.43977954837322,7.445890951571238,21.193127727929678
l1_m12,20260729_Xpi_rcp_lemniscate_M12_w0_claim,rcp_lemniscate,checkpoint,89,88,92.29237360083773,7.351982733276062,21.299597246174915
l1_m12,20260729_Xpi_rcp_lemniscate_M12_w0_claim,rcp_lemniscate,checkpoint,90,89,90.15235744563937,7.174556905038841,21.509306850664338
l1_m12,20260729_Xpi_rcp_lemniscate_M12_w0_claim,rcp_lemniscate,checkpoint,91,90,86.87893643807654,6.892654624846306,21.947409009069844
l1_m12,20260729_Xpi_rcp_lemniscate_M12_w0_claim,rcp_lemniscate,checkpoint,92,91,84.67839538209635,6.723160038935592,22.36166889922356
l1_m12,20260729_Xpi_rcp_lemniscate_M12_w0_claim,rcp_lemniscate,checkpoint,93,92,83.93048914546597,6.657250799399345,22.564343239461465
l1_m12,20260729_Xpi_rcp_lemniscate_M12_w0_claim,rcp_lemniscate,checkpoint,94,93,83.7834058617499,6.641909476007294,22.616991050819152
l1_m12,20260729_Xpi_rcp_lemniscate_M12_w0_claim,rcp_lemniscate,checkpoint,95,94,83.75509438266582,6.638697548561098,22.62880849483964
l1_m12,20260729_Xpi_rcp_lemniscate_M12_w0_claim,rcp_lemniscate,checkpoint,96,95,83.74935631217379,6.638037216710631,22.63127534921476
l1_m12,20260729_Xpi_rcp_lemniscate_M12_w0_claim,rcp_lemniscate,checkpoint,97,96,83.74817690985137,6.637901074191535,22.631785432034434
l1_m12,20260729_Xpi_rcp_lemniscate_M12_w0_claim,rcp_lemniscate,checkpoint,98,97,83.74793384339624,6.637873021147272,22.631889756327123
l1_m12,20260729_Xpi_rcp_lemniscate_M12_w0_claim,rcp_lemniscate,checkpoint,99,98,83.74788372283429,6.637867132428613,22.63191139481623
l1_m12,20260729_Xpi_rcp_lemniscate_M12_w0_claim,rcp_lemniscate,checkpoint,100,99,83.747873386815,6.637865934752643,22.63191653835832
l1_m12,20260729_Xpi_rcp_lemniscate_M12_w0_claim,rcp_lemniscate,checkpoint,101,100,83.74787125524178,6.637865773160101,22.63191713734841
l1_m12,20260729_Xpi_rcp_lemniscate_M12_w0_claim,rcp_lemniscate,checkpoint,102,101,83.74787081565037,6.637865739835764,22.631917051188093
l1_m12,20260729_Xpi_rcp_lemniscate_M12_w0_claim,rcp_lemniscate,checkpoint,103,102,83.747870724994,6.637865732963323,22.631916938195236
l1_m12,20260729_Xpi_rcp_lemniscate_M12_w0_claim,rcp_lemniscate,checkpoint,104,103,83.74787070629804,6.637865731546031,22.63191687164933
l1_m12,20260729_Xpi_rcp_lemniscate_M12_w0_claim,rcp_lemniscate,checkpoint,105,104,83.74787070244243,6.637865731253749,22.6319168382877
l1_m12,20260729_Xpi_rcp_lemniscate_M12_w0_claim,rcp_lemniscate,checkpoint,106,105,83.74787070164723,6.637865731193466,22.631916822489533
l1_m12,20260729_Xpi_rcp_lemniscate_M12_w0_claim,rcp_lemniscate,checkpoint,107,106,83.74787070148321,6.637865731181037,22.631916815181558
l1_m12,20260729_Xpi_rcp_lemniscate_M12_w0_claim,rcp_lemniscate,checkpoint,108,107,83.74787070144944,6.637865731178469,22.63191681183532
l1_m12,20260729_Xpi_rcp_lemniscate_M12_w0_claim,rcp_lemniscate,checkpoint,109,108,83.74787070144248,6.637865731177942,22.631916810310013
l1_m12,20260729_Xpi_rcp_lemniscate_M12_w0_claim,rcp_lemniscate,checkpoint,110,109,83.74787070144103,6.63786573117783,22.63191680961618
l1_m12,20260729_Xpi_rcp_lemniscate_M12_w0_claim,rcp_lemniscate,checkpoint,111,110,83.74787070144103,6.63786573117783,22.63191680961618
l1_m12,20260729_Xpi_rcp_lemniscate_M12_w0_claim,rcp_lemniscate,checkpoint,112,111,83.74787070144103,6.63786573117783,22.63191680961618
l1_m12,20260729_Xpi_rcp_lemniscate_M12_w0_claim,rcp_lemniscate,checkpoint,113,112,83.74787070144103,6.63786573117783,22.63191680961618
l1_m12,20260729_Xpi_rcp_lemniscate_M12_w0_claim,rcp_lemniscate,checkpoint,114,113,83.74787070144103,6.63786573117783,22.63191680961618
l1_m12,20260729_Xpi_rcp_lemniscate_M12_w0_claim,rcp_lemniscate,checkpoint,115,114,83.74787070144103,6.63786573117783,22.63191680961618
l1_m12,20260729_Xpi_rcp_lemniscate_M12_w0_claim,rcp_lemniscate,checkpoint,116,115,83.74787070144103,6.63786573117783,22.63191680961618
l1_m12,20260729_Xpi_rcp_lemniscate_M12_w0_claim,rcp_lemniscate,checkpoint,117,116,83.74787070144103,6.63786573117783,22.63191680961618
l1_m12,20260729_Xpi_rcp_lemniscate_M12_w0_claim,rcp_lemniscate,checkpoint,118,117,83.74787070144082,6.637865731177817,22.631916809460687
l1_m12,20260729_Xpi_rcp_lemniscate_M12_w0_claim,rcp_lemniscate,checkpoint,119,118,83.7478707014407,6.637865731177811,22.63191680930519
l1_m12,20260729_Xpi_rcp_lemniscate_M12_w0_claim,rcp_lemniscate,checkpoint,120,119,83.74787070144068,6.637865731177801,22.63191680915958
l1_m12,20260729_Xpi_rcp_lemniscate_M12_w0_claim,rcp_lemniscate,checkpoint,121,120,83.74787070144066,6.637865731177802,22.631916809093422
l1_m12,20260729_Xpi_rcp_lemniscate_M12_w0_claim,rcp_lemniscate,checkpoint,122,121,83.74787070144066,6.637865731177802,22.631916809093422
l1_m12,20260729_Xpi_rcp_lemniscate_M12_w0_claim,rcp_lemniscate,checkpoint,123,122,83.74787070144066,6.637865731177802,22.631916809093422
l1_m12,20260729_Xpi_rcp_lemniscate_M12_w0_claim,rcp_lemniscate,checkpoint,124,123,83.74787070144066,6.637865731177802,22.631916809093422
l1_m12,20260729_Xpi_rcp_lemniscate_M12_w0_claim,rcp_lemniscate,checkpoint,125,124,83.74787070144066,6.637865731177802,22.631916809093422
l1_m12,20260729_Xpi_rcp_lemniscate_M12_w0_claim,rcp_lemniscate,checkpoint,126,125,83.74787070144066,6.637865731177802,22.631916809093422
l1_m12,20260729_Xpi_rcp_lemniscate_M12_w0_claim,rcp_lemniscate,checkpoint,127,126,83.74787070144066,6.637865731177802,22.631916809093422
l1_m12,20260729_Xpi_rcp_lemniscate_M12_w0_claim,rcp_lemniscate,checkpoint,128,127,83.74787070144066,6.637865731177802,22.631916809093422
l1_m12,20260729_Xpi_rcp_lemniscate_M12_w0_claim,rcp_lemniscate,checkpoint,129,128,83.74787070144066,6.637865731177802,22.631916809093422
l1_m12,20260729_Xpi_rcp_lemniscate_M12_w0_claim,rcp_lemniscate,checkpoint,130,129,83.74787070144066,6.637865731177802,22.631916809093422
l1_m12,20260729_Xpi_rcp_lemniscate_M12_w0_claim,rcp_lemniscate,checkpoint,131,130,83.74787070144066,6.637865731177802,22.631916809093422
l1_m12,20260729_Xpi_rcp_lemniscate_M12_w0_claim,rcp_lemniscate,checkpoint,132,131,83.74787070144066,6.637865731177802,22.631916809093422
l1_m12,20260729_Xpi_rcp_lemniscate_M12_w0_claim,rcp_lemniscate,checkpoint,133,132,83.74787070144066,6.637865731177802,22.631916809093422
l1_m12,20260729_Xpi_rcp_lemniscate_M12_w0_claim,rcp_lemniscate,checkpoint,134,133,83.74787070144066,6.637865731177802,22.631916809093422
l1_m12,20260729_Xpi_rcp_lemniscate_M12_w0_claim,rcp_lemniscate,checkpoint,135,134,83.74787070144066,6.637865731177802,22.631916809093422
l1_m12,20260729_Xpi_rcp_lemniscate_M12_w0_claim,rcp_lemniscate,checkpoint,136,135,83.74787070144066,6.637865731177802,22.631916809093422
l1_m12,20260729_Xpi_rcp_lemniscate_M12_w0_claim,rcp_lemniscate,checkpoint,137,136,83.74787070144066,6.637865731177802,22.631916809093422
l1_m12,20260729_Xpi_rcp_lemniscate_M12_w0_claim,rcp_lemniscate,checkpoint,138,137,83.74787070144066,6.637865731177802,22.631916809093422
l1_m12,20260729_Xpi_rcp_lemniscate_M12_w0_claim,rcp_lemniscate,checkpoint,139,138,83.74787070144066,6.637865731177802,22.631916809093422
l1_m12,20260729_Xpi_rcp_lemniscate_M12_w0_claim,rcp_lemniscate,final,140,139,83.74787070144066,6.637865731177802,22.631916809093422
l1_m12,20260729_Xpi_rcp_petal_M12_w0_claim,rcp_petal,projected_input,0,,40.62825376449831,5.060661772479464,11.81018007435201
l1_m12,20260729_Xpi_rcp_petal_M12_w0_claim,rcp_petal,checkpoint,1,0,40.629784939870994,5.060696809838222,11.810410987440934
l1_m12,20260729_Xpi_rcp_petal_M12_w0_claim,rcp_petal,checkpoint,2,1,44.339370930252436,5.08157610616623,13.435148917141376
l1_m12,20260729_Xpi_rcp_petal_M12_w0_claim,rcp_petal,checkpoint,3,2,72.61818876183158,6.42562111936357,18.72095597835203
l1_m12,20260729_Xpi_rcp_petal_M12_w0_claim,rcp_petal,checkpoint,4,3,84.11464949256337,6.790051750020174,21.925738011601776
l1_m12,20260729_Xpi_rcp_petal_M12_w0_claim,rcp_petal,checkpoint,5,4,83.75069360065571,6.644312415838371,22.58679940692954
l1_m12,20260729_Xpi_rcp_petal_M12_w0_claim,rcp_petal,checkpoint,6,5,83.74789260631027,6.638550292254181,22.62831983143479
l1_m12,20260729_Xpi_rcp_petal_M12_w0_claim,rcp_petal,checkpoint,7,6,83.74787115272783,6.637902312086957,22.631658480926884
l1_m12,20260729_Xpi_rcp_petal_M12_w0_claim,rcp_petal,checkpoint,8,7,83.74787077086212,6.6378696843240474,22.631896124177853
l1_m12,20260729_Xpi_rcp_petal_M12_w0_claim,rcp_petal,checkpoint,9,8,83.74787071562692,6.637865937576604,22.63191539896723
l1_m12,20260729_Xpi_rcp_petal_M12_w0_claim,rcp_petal,checkpoint,10,9,83.7478707043656,6.6378657547910205,22.631916721891514
l1_m12,20260729_Xpi_rcp_petal_M12_w0_claim,rcp_petal,checkpoint,11,10,83.74787070204384,6.637865732296501,22.63191681620642
l1_m12,20260729_Xpi_rcp_petal_M12_w0_claim,rcp_petal,checkpoint,12,11,83.74787070156503,6.637865731323255,22.631916815434273
l1_m12,20260729_Xpi_rcp_petal_M12_w0_claim,rcp_petal,checkpoint,13,12,83.74787070146625,6.6378657311837035,22.631916812218176
l1_m12,20260729_Xpi_rcp_petal_M12_w0_claim,rcp_petal,checkpoint,14,13,83.74787070144593,6.637865731178762,22.631916810499945
l1_m12,20260729_Xpi_rcp_petal_M12_w0_claim,rcp_petal,checkpoint,15,14,83.74787070144173,6.637865731177841,22.631916809703736
l1_m12,20260729_Xpi_rcp_petal_M12_w0_claim,rcp_petal,checkpoint,16,15,83.74787070144085,6.637865731177809,22.631916809340634
l1_m12,20260729_Xpi_rcp_petal_M12_w0_claim,rcp_petal,checkpoint,17,16,83.74787070144068,6.637865731177802,22.63191680917565
l1_m12,20260729_Xpi_rcp_petal_M12_w0_claim,rcp_petal,checkpoint,18,17,83.74787070144068,6.637865731177802,22.63191680917565
l1_m12,20260729_Xpi_rcp_petal_M12_w0_claim,rcp_petal,checkpoint,19,18,83.74787070144068,6.637865731177802,22.63191680917565
l1_m12,20260729_Xpi_rcp_petal_M12_w0_claim,rcp_petal,checkpoint,20,19,83.74787070144068,6.637865731177802,22.63191680917565
l1_m12,20260729_Xpi_rcp_petal_M12_w0_claim,rcp_petal,checkpoint,21,20,83.74787070144068,6.637865731177802,22.63191680917565
l1_m12,20260729_Xpi_rcp_petal_M12_w0_claim,rcp_petal,checkpoint,22,21,83.74787070144068,6.637865731177802,22.63191680917565
l1_m12,20260729_Xpi_rcp_petal_M12_w0_claim,rcp_petal,checkpoint,23,22,83.74787070144068,6.637865731177802,22.63191680917565
l1_m12,20260729_Xpi_rcp_petal_M12_w0_claim,rcp_petal,checkpoint,24,23,83.74787070144068,6.637865731177802,22.63191680917565
l1_m12,20260729_Xpi_rcp_petal_M12_w0_claim,rcp_petal,checkpoint,25,24,83.74787070144068,6.637865731177802,22.63191680917565
l1_m12,20260729_Xpi_rcp_petal_M12_w0_claim,rcp_petal,checkpoint,26,25,83.74787070144068,6.637865731177802,22.63191680917565
l1_m12,20260729_Xpi_rcp_petal_M12_w0_claim,rcp_petal,checkpoint,27,26,83.74787070144065,6.637865731177801,22.631916809148123
l1_m12,20260729_Xpi_rcp_petal_M12_w0_claim,rcp_petal,checkpoint,28,27,83.74787070144065,6.637865731177801,22.631916809148123
l1_m12,20260729_Xpi_rcp_petal_M12_w0_claim,rcp_petal,checkpoint,29,28,83.74787070144065,6.637865731177801,22.631916809148123
l1_m12,20260729_Xpi_rcp_petal_M12_w0_claim,rcp_petal,checkpoint,30,29,83.74787070144065,6.637865731177801,22.631916809148123
l1_m12,20260729_Xpi_rcp_petal_M12_w0_claim,rcp_petal,checkpoint,31,30,83.74787070144065,6.637865731177801,22.631916809148123
l1_m12,20260729_Xpi_rcp_petal_M12_w0_claim,rcp_petal,checkpoint,32,31,83.74787070144065,6.637865731177801,22.631916809148123
l1_m12,20260729_Xpi_rcp_petal_M12_w0_claim,rcp_petal,checkpoint,33,32,83.74787070144065,6.637865731177801,22.631916809148123
l1_m12,20260729_Xpi_rcp_petal_M12_w0_claim,rcp_petal,checkpoint,34,33,83.74787070144059,6.637865731177796,22.63191680914802
l1_m12,20260729_Xpi_rcp_petal_M12_w0_claim,rcp_petal,checkpoint,35,34,83.74787070144059,6.637865731177796,22.63191680914802
l1_m12,20260729_Xpi_rcp_petal_M12_w0_claim,rcp_petal,checkpoint,36,35,83.74787070144059,6.637865731177796,22.63191680914802
l1_m12,20260729_Xpi_rcp_petal_M12_w0_claim,rcp_petal,checkpoint,37,36,83.74787070144059,6.637865731177796,22.63191680914802
l1_m12,20260729_Xpi_rcp_petal_M12_w0_claim,rcp_petal,checkpoint,38,37,83.74787070144059,6.637865731177796,22.63191680914802
l1_m12,20260729_Xpi_rcp_petal_M12_w0_claim,rcp_petal,checkpoint,39,38,83.74787070144059,6.637865731177796,22.63191680914802
l1_m12,20260729_Xpi_rcp_petal_M12_w0_claim,rcp_petal,checkpoint,40,39,83.74787070144059,6.637865731177796,22.63191680914802
l1_m12,20260729_Xpi_rcp_petal_M12_w0_claim,rcp_petal,checkpoint,41,40,83.74787070144059,6.637865731177796,22.63191680914802
l1_m12,20260729_Xpi_rcp_petal_M12_w0_claim,rcp_petal,final,42,41,83.74787070144059,6.637865731177796,22.63191680914802
l1_m12,20260729_Xpi_triangle_pulse_arc_M12_w0_claim,triangle_pulse_arc,projected_input,0,,13.158238283728894,3.140690597549399,6.071464871926987
l1_m12,20260729_Xpi_triangle_pulse_arc_M12_w0_claim,triangle_pulse_arc,checkpoint,1,0,13.164102886218894,3.141592656074499,6.072349194824955
l1_m12,20260729_Xpi_triangle_pulse_arc_M12_w0_claim,triangle_pulse_arc,checkpoint,2,1,15.393680281785736,3.1835266392300228,6.531831466594051
l1_m12,20260729_Xpi_triangle_pulse_arc_M12_w0_claim,triangle_pulse_arc,checkpoint,3,2,40.977122703803616,5.381141085608828,11.375302687379659
l1_m12,20260729_Xpi_triangle_pulse_arc_M12_w0_claim,triangle_pulse_arc,checkpoint,4,3,112.66608970842688,8.852395718492152,20.35893641929509
l1_m12,20260729_Xpi_triangle_pulse_arc_M12_w0_claim,triangle_pulse_arc,checkpoint,5,4,80.13096393154582,6.246741942894869,22.822679931968043
l1_m12,20260729_Xpi_triangle_pulse_arc_M12_w0_claim,triangle_pulse_arc,checkpoint,6,5,83.66024667380326,6.656932883918562,22.52548964067939
l1_m12,20260729_Xpi_triangle_pulse_arc_M12_w0_claim,triangle_pulse_arc,checkpoint,7,6,83.747887416271,6.639020290671964,22.622220530789466
l1_m12,20260729_Xpi_triangle_pulse_arc_M12_w0_claim,triangle_pulse_arc,checkpoint,8,7,83.74787078115685,6.6380395806616725,22.631087738731814
l1_m12,20260729_Xpi_triangle_pulse_arc_M12_w0_claim,triangle_pulse_arc,checkpoint,9,8,83.74787069957277,6.637871951212731,22.631861230053868
l1_m12,20260729_Xpi_triangle_pulse_arc_M12_w0_claim,triangle_pulse_arc,checkpoint,10,9,83.74787070140906,6.637866796498194,22.63191192978472
l1_m12,20260729_Xpi_triangle_pulse_arc_M12_w0_claim,triangle_pulse_arc,checkpoint,11,10,83.74787070144025,6.637865760860709,22.631916495593494
l1_m12,20260729_Xpi_triangle_pulse_arc_M12_w0_claim,triangle_pulse_arc,checkpoint,12,11,83.74787070144058,6.63786573795706,22.631916780063328
l1_m12,20260729_Xpi_triangle_pulse_arc_M12_w0_claim,triangle_pulse_arc,checkpoint,13,12,83.74787070144058,6.63786573795706,22.631916780063328
l1_m12,20260729_Xpi_triangle_pulse_arc_M12_w0_claim,triangle_pulse_arc,checkpoint,14,13,83.74787070144058,6.63786573795706,22.631916780063328
l1_m12,20260729_Xpi_triangle_pulse_arc_M12_w0_claim,triangle_pulse_arc,checkpoint,15,14,83.74787070144058,6.63786573795706,22.631916780063328
l1_m12,20260729_Xpi_triangle_pulse_arc_M12_w0_claim,triangle_pulse_arc,checkpoint,16,15,83.74787070144058,6.63786573795706,22.631916780063328
l1_m12,20260729_Xpi_triangle_pulse_arc_M12_w0_claim,triangle_pulse_arc,checkpoint,17,16,83.74787070144058,6.63786573795706,22.631916780063328
l1_m12,20260729_Xpi_triangle_pulse_arc_M12_w0_claim,triangle_pulse_arc,checkpoint,18,17,83.74787070144058,6.63786573795706,22.631916780063328
l1_m12,20260729_Xpi_triangle_pulse_arc_M12_w0_claim,triangle_pulse_arc,checkpoint,19,18,83.74787070144058,6.63786573795706,22.631916780063328
l1_m12,20260729_Xpi_triangle_pulse_arc_M12_w0_claim,triangle_pulse_arc,checkpoint,20,19,83.74787070144058,6.63786573795706,22.631916780063328
l1_m12,20260729_Xpi_triangle_pulse_arc_M12_w0_claim,triangle_pulse_arc,checkpoint,21,20,83.74787070144058,6.63786573795706,22.631916780063328
l1_m12,20260729_Xpi_triangle_pulse_arc_M12_w0_claim,triangle_pulse_arc,checkpoint,22,21,83.74787070144065,6.637865731342797,22.63191680708379
l1_m12,20260729_Xpi_triangle_pulse_arc_M12_w0_claim,triangle_pulse_arc,checkpoint,23,22,83.74787070144065,6.637865731342797,22.63191680708379
l1_m12,20260729_Xpi_triangle_pulse_arc_M12_w0_claim,triangle_pulse_arc,checkpoint,24,23,83.74787070144065,6.637865731342797,22.63191680708379
l1_m12,20260729_Xpi_triangle_pulse_arc_M12_w0_claim,triangle_pulse_arc,checkpoint,25,24,83.74787070144063,6.637865731241469,22.631916808579234
l1_m12,20260729_Xpi_triangle_pulse_arc_M12_w0_claim,triangle_pulse_arc,checkpoint,26,25,83.74787070144063,6.637865731241469,22.631916808579234
l1_m12,20260729_Xpi_triangle_pulse_arc_M12_w0_claim,triangle_pulse_arc,checkpoint,27,26,83.74787070144063,6.637865731241469,22.631916808579234
l1_m12,20260729_Xpi_triangle_pulse_arc_M12_w0_claim,triangle_pulse_arc,checkpoint,28,27,83.74787070144063,6.637865731241469,22.631916808579234
l1_m12,20260729_Xpi_triangle_pulse_arc_M12_w0_claim,triangle_pulse_arc,checkpoint,29,28,83.74787070144063,6.637865731241469,22.631916808579234
l1_m12,20260729_Xpi_triangle_pulse_arc_M12_w0_claim,triangle_pulse_arc,checkpoint,30,29,83.74787070144063,6.637865731241469,22.631916808579234
l1_m12,20260729_Xpi_triangle_pulse_arc_M12_w0_claim,triangle_pulse_arc,checkpoint,31,30,83.74787070144063,6.637865731241469,22.631916808579234
l1_m12,20260729_Xpi_triangle_pulse_arc_M12_w0_claim,triangle_pulse_arc,checkpoint,32,31,83.74787070144063,6.637865731241469,22.631916808579234
l1_m12,20260729_Xpi_triangle_pulse_arc_M12_w0_claim,triangle_pulse_arc,checkpoint,33,32,83.74787070144063,6.637865731241469,22.631916808579234
l1_m12,20260729_Xpi_triangle_pulse_arc_M12_w0_claim,triangle_pulse_arc,checkpoint,34,33,83.74787070144063,6.637865731241469,22.631916808579234
l1_m12,20260729_Xpi_triangle_pulse_arc_M12_w0_claim,triangle_pulse_arc,checkpoint,35,34,83.74787070144063,6.637865731241469,22.631916808579234
l1_m12,20260729_Xpi_triangle_pulse_arc_M12_w0_claim,triangle_pulse_arc,checkpoint,36,35,83.74787070144063,6.637865731241469,22.631916808579234
l1_m12,20260729_Xpi_triangle_pulse_arc_M12_w0_claim,triangle_pulse_arc,final,37,36,83.74787070144063,6.637865731241469,22.631916808579234
l1_m12,20260729_Xpi_gaussian_arc_M12_w0_claim,gaussian_arc,projected_input,0,,15.636283929809862,3.136843879570261,6.994425084361791
l1_m12,20260729_Xpi_gaussian_arc_M12_w0_claim,gaussian_arc,checkpoint,1,0,15.667138498951134,3.1415926549340045,6.999080492713482
l1_m12,20260729_Xpi_gaussian_arc_M12_w0_claim,gaussian_arc,checkpoint,2,1,18.582621969779886,3.3042390385499147,7.797191285047332
l1_m12,20260729_Xpi_gaussian_arc_M12_w0_claim,gaussian_arc,checkpoint,3,2,45.78937947351963,5.215439291416883,13.530707787208243
l1_m12,20260729_Xpi_gaussian_arc_M12_w0_claim,gaussian_arc,checkpoint,4,3,90.64419799160181,7.529716288503048,20.354835119859633
l1_m12,20260729_Xpi_gaussian_arc_M12_w0_claim,gaussian_arc,checkpoint,5,4,83.49159057592401,6.611584597071808,22.577793703437035
l1_m12,20260729_Xpi_gaussian_arc_M12_w0_claim,gaussian_arc,checkpoint,6,5,83.7460705673268,6.64185460632521,22.61637011671508
l1_m12,20260729_Xpi_gaussian_arc_M12_w0_claim,gaussian_arc,checkpoint,7,6,83.74786202179942,6.637912286240709,22.63094204633514
l1_m12,20260729_Xpi_gaussian_arc_M12_w0_claim,gaussian_arc,checkpoint,8,7,83.7478706335301,6.637891095003599,22.6318196103127
l1_m12,20260729_Xpi_gaussian_arc_M12_w0_claim,gaussian_arc,checkpoint,9,8,83.74787070087642,6.6378658595477775,22.63191136591538
l1_m12,20260729_Xpi_gaussian_arc_M12_w0_claim,gaussian_arc,checkpoint,10,9,83.74787070143589,6.637865894953101,22.6319162239864
l1_m12,20260729_Xpi_gaussian_arc_M12_w0_claim,gaussian_arc,checkpoint,11,10,83.74787070144062,6.637865730187092,22.63191677972086
l1_m12,20260729_Xpi_gaussian_arc_M12_w0_claim,gaussian_arc,checkpoint,12,11,83.74787070144062,6.637865730187092,22.63191677972086
l1_m12,20260729_Xpi_gaussian_arc_M12_w0_claim,gaussian_arc,checkpoint,13,12,83.74787070144062,6.637865730187092,22.63191677972086
l1_m12,20260729_Xpi_gaussian_arc_M12_w0_claim,gaussian_arc,checkpoint,14,13,83.74787070144062,6.637865730187092,22.63191677972086
l1_m12,20260729_Xpi_gaussian_arc_M12_w0_claim,gaussian_arc,checkpoint,15,14,83.74787070144062,6.637865730187092,22.63191677972086
l1_m12,20260729_Xpi_gaussian_arc_M12_w0_claim,gaussian_arc,checkpoint,16,15,83.74787070144062,6.637865730187092,22.63191677972086
l1_m12,20260729_Xpi_gaussian_arc_M12_w0_claim,gaussian_arc,checkpoint,17,16,83.74787070144062,6.637865730187092,22.63191677972086
l1_m12,20260729_Xpi_gaussian_arc_M12_w0_claim,gaussian_arc,checkpoint,18,17,83.74787070144062,6.637865730187092,22.63191677972086
l1_m12,20260729_Xpi_gaussian_arc_M12_w0_claim,gaussian_arc,checkpoint,19,18,83.74787070144062,6.637865730187092,22.63191677972086
l1_m12,20260729_Xpi_gaussian_arc_M12_w0_claim,gaussian_arc,checkpoint,20,19,83.74787070144062,6.637865730187092,22.63191677972086
l1_m12,20260729_Xpi_gaussian_arc_M12_w0_claim,gaussian_arc,checkpoint,21,20,83.74787070144062,6.637865730187092,22.63191677972086
l1_m12,20260729_Xpi_gaussian_arc_M12_w0_claim,gaussian_arc,checkpoint,22,21,83.74787070144062,6.637865730187092,22.63191677972086
l1_m12,20260729_Xpi_gaussian_arc_M12_w0_claim,gaussian_arc,checkpoint,23,22,83.74787070144063,6.637865730562742,22.631916784312413
l1_m12,20260729_Xpi_gaussian_arc_M12_w0_claim,gaussian_arc,checkpoint,24,23,83.74787070144063,6.637865730562742,22.631916784312413
l1_m12,20260729_Xpi_gaussian_arc_M12_w0_claim,gaussian_arc,checkpoint,25,24,83.74787070144062,6.6378657306678885,22.631916785810468
l1_m12,20260729_Xpi_gaussian_arc_M12_w0_claim,gaussian_arc,checkpoint,26,25,83.74787070144062,6.6378657306678885,22.631916785810468
l1_m12,20260729_Xpi_gaussian_arc_M12_w0_claim,gaussian_arc,checkpoint,27,26,83.74787070144062,6.6378657306678885,22.631916785810468
l1_m12,20260729_Xpi_gaussian_arc_M12_w0_claim,gaussian_arc,checkpoint,28,27,83.74787070144062,6.6378657306678885,22.631916785810468
l1_m12,20260729_Xpi_gaussian_arc_M12_w0_claim,gaussian_arc,checkpoint,29,28,83.74787070144062,6.637865730673067,22.631916785888436
l1_m12,20260729_Xpi_gaussian_arc_M12_w0_claim,gaussian_arc,checkpoint,30,29,83.74787070144062,6.637865730673067,22.631916785888436
l1_m12,20260729_Xpi_gaussian_arc_M12_w0_claim,gaussian_arc,checkpoint,31,30,83.74787070144062,6.637865730673067,22.631916785888436
l1_m12,20260729_Xpi_gaussian_arc_M12_w0_claim,gaussian_arc,checkpoint,32,31,83.74787070144062,6.637865730673067,22.631916785888436
l1_m12,20260729_Xpi_gaussian_arc_M12_w0_claim,gaussian_arc,checkpoint,33,32,83.74787070144062,6.637865730673067,22.631916785888436
l1_m12,20260729_Xpi_gaussian_arc_M12_w0_claim,gaussian_arc,checkpoint,34,33,83.74787070144062,6.637865730673067,22.631916785888436
l1_m12,20260729_Xpi_gaussian_arc_M12_w0_claim,gaussian_arc,checkpoint,35,34,83.74787070144062,6.637865730673067,22.631916785888436
l1_m12,20260729_Xpi_gaussian_arc_M12_w0_claim,gaussian_arc,checkpoint,36,35,83.74787070144062,6.637865730673067,22.631916785888436
l1_m12,20260729_Xpi_gaussian_arc_M12_w0_claim,gaussian_arc,final,37,36,83.74787070144062,6.637865730673067,22.631916785888436
l1_m12,20260729_Xpi_treble_clef_loop_M12_w0_claim,treble_clef_loop,projected_input,0,,352.5385516814178,14.524540046484995,43.83920531927839
l1_m12,20260729_Xpi_treble_clef_loop_M12_w0_claim,treble_clef_loop,checkpoint,1,0,350.9712641992907,14.41826592750338,44.09719853744926
l1_m12,20260729_Xpi_treble_clef_loop_M12_w0_claim,treble_clef_loop,checkpoint,2,1,335.5016347465976,14.16008370617741,42.782280542537535
l1_m12,20260729_Xpi_treble_clef_loop_M12_w0_claim,treble_clef_loop,checkpoint,3,2,257.1493542802174,12.546961685080905,33.909627823234544
l1_m12,20260729_Xpi_treble_clef_loop_M12_w0_claim,treble_clef_loop,checkpoint,4,3,141.7514610298447,10.151523172942456,22.77780806574261
l1_m12,20260729_Xpi_treble_clef_loop_M12_w0_claim,treble_clef_loop,checkpoint,5,4,110.56636665320264,8.82313044663551,19.429286119920278
l1_m12,20260729_Xpi_treble_clef_loop_M12_w0_claim,treble_clef_loop,checkpoint,6,5,89.91964947616495,7.600446892301443,19.916407610159094
l1_m12,20260729_Xpi_treble_clef_loop_M12_w0_claim,treble_clef_loop,checkpoint,7,6,74.07886098690992,6.488473866603648,19.638860236506016
l1_m12,20260729_Xpi_treble_clef_loop_M12_w0_claim,treble_clef_loop,checkpoint,8,7,82.65928111074199,6.688597527542298,22.372019519711486
l1_m12,20260729_Xpi_treble_clef_loop_M12_w0_claim,treble_clef_loop,checkpoint,9,8,82.65928111074199,6.688597527542298,22.372019519711486
l1_m12,20260729_Xpi_treble_clef_loop_M12_w0_claim,treble_clef_loop,checkpoint,10,9,82.65928111074199,6.688597527542298,22.372019519711486
l1_m12,20260729_Xpi_treble_clef_loop_M12_w0_claim,treble_clef_loop,checkpoint,11,10,85.24683573472782,6.684552632262617,22.536378725258448
l1_m12,20260729_Xpi_treble_clef_loop_M12_w0_claim,treble_clef_loop,checkpoint,12,11,84.62283184043127,6.681265072868394,22.677276989326614
l1_m12,20260729_Xpi_treble_clef_loop_M12_w0_claim,treble_clef_loop,checkpoint,13,12,83.93228569914478,6.644197043464828,22.646938176285417
l1_m12,20260729_Xpi_treble_clef_loop_M12_w0_claim,treble_clef_loop,checkpoint,14,13,83.78564072942042,6.639112582385051,22.63555624347972
l1_m12,20260729_Xpi_treble_clef_loop_M12_w0_claim,treble_clef_loop,checkpoint,15,14,83.75564251592907,6.638100789562636,22.632761292275497
l1_m12,20260729_Xpi_treble_clef_loop_M12_w0_claim,treble_clef_loop,checkpoint,16,15,83.74946821109616,6.637910096547634,22.63211002799026
l1_m12,20260729_Xpi_treble_clef_loop_M12_w0_claim,treble_clef_loop,checkpoint,17,16,83.74820003299679,6.63787464714149,22.631958529574163
l1_m12,20260729_Xpi_treble_clef_loop_M12_w0_claim,treble_clef_loop,checkpoint,18,17,83.74793861488055,6.637867424246117,22.631926340476863
l1_m12,20260729_Xpi_treble_clef_loop_M12_w0_claim,treble_clef_loop,checkpoint,19,18,83.74788470698314,6.637865963685225,22.63191941928622
l1_m12,20260729_Xpi_treble_clef_loop_M12_w0_claim,treble_clef_loop,checkpoint,20,19,83.7478735897805,6.6378657564491155,22.63191793939885
l1_m12,20260729_Xpi_treble_clef_loop_M12_w0_claim,treble_clef_loop,checkpoint,21,20,83.74787129709937,6.637865736387676,22.631917310665727
l1_m12,20260729_Xpi_treble_clef_loop_M12_w0_claim,treble_clef_loop,checkpoint,22,21,83.74787082428261,6.637865732250724,22.63191703441016
l1_m12,20260729_Xpi_treble_clef_loop_M12_w0_claim,treble_clef_loop,checkpoint,23,22,83.74787072677422,6.637865731399079,22.631916910881976
l1_m12,20260729_Xpi_treble_clef_loop_M12_w0_claim,treble_clef_loop,checkpoint,24,23,83.74787070666515,6.6378657312234255,22.631916855184155
l1_m12,20260729_Xpi_treble_clef_loop_M12_w0_claim,treble_clef_loop,checkpoint,25,24,83.74787070251813,6.637865731187213,22.631916829972866
l1_m12,20260729_Xpi_treble_clef_loop_M12_w0_claim,treble_clef_loop,checkpoint,26,25,83.74787070166285,6.637865731179749,22.631916818540788
l1_m12,20260729_Xpi_treble_clef_loop_M12_w0_claim,treble_clef_loop,checkpoint,27,26,83.74787070148642,6.637865731178199,22.63191681335276
l1_m12,20260729_Xpi_treble_clef_loop_M12_w0_claim,treble_clef_loop,checkpoint,28,27,83.74787070145008,6.637865731177882,22.631916810997467
l1_m12,20260729_Xpi_treble_clef_loop_M12_w0_claim,treble_clef_loop,checkpoint,29,28,83.74787070144262,6.637865731177818,22.631916809928022
l1_m12,20260729_Xpi_treble_clef_loop_M12_w0_claim,treble_clef_loop,checkpoint,30,29,83.74787070144102,6.637865731177807,22.631916809442366
l1_m12,20260729_Xpi_treble_clef_loop_M12_w0_claim,treble_clef_loop,checkpoint,31,30,83.74787070144072,6.637865731177802,22.63191680922185
l1_m12,20260729_Xpi_treble_clef_loop_M12_w0_claim,treble_clef_loop,checkpoint,32,31,83.74787070144068,6.637865731177802,22.6319168091217
l1_m12,20260729_Xpi_treble_clef_loop_M12_w0_claim,treble_clef_loop,checkpoint,33,32,83.74787070144063,6.637865731177801,22.631916809076223
l1_m12,20260729_Xpi_treble_clef_loop_M12_w0_claim,treble_clef_loop,checkpoint,34,33,83.74787070144063,6.637865731177801,22.631916809076223
l1_m12,20260729_Xpi_treble_clef_loop_M12_w0_claim,treble_clef_loop,checkpoint,35,34,83.74787070144063,6.637865731177801,22.631916809076223
l1_m12,20260729_Xpi_treble_clef_loop_M12_w0_claim,treble_clef_loop,checkpoint,36,35,83.74787070144063,6.637865731177801,22.631916809076223
l1_m12,20260729_Xpi_treble_clef_loop_M12_w0_claim,treble_clef_loop,checkpoint,37,36,83.74787070144063,6.637865731177801,22.631916809076223
l1_m12,20260729_Xpi_treble_clef_loop_M12_w0_claim,treble_clef_loop,checkpoint,38,37,83.74787070144063,6.637865731177801,22.631916809076223
l1_m12,20260729_Xpi_treble_clef_loop_M12_w0_claim,treble_clef_loop,checkpoint,39,38,83.74787070144063,6.637865731177801,22.631916809076223
l1_m12,20260729_Xpi_treble_clef_loop_M12_w0_claim,treble_clef_loop,checkpoint,40,39,83.74787070144063,6.637865731177801,22.631916809076223
l1_m12,20260729_Xpi_treble_clef_loop_M12_w0_claim,treble_clef_loop,checkpoint,41,40,83.74787070144063,6.637865731177801,22.631916809076223
l1_m12,20260729_Xpi_treble_clef_loop_M12_w0_claim,treble_clef_loop,checkpoint,42,41,83.74787070144063,6.637865731177801,22.631916809076223
l1_m12,20260729_Xpi_treble_clef_loop_M12_w0_claim,treble_clef_loop,checkpoint,43,42,83.74787070144063,6.637865731177801,22.631916809076223
l1_m12,20260729_Xpi_treble_clef_loop_M12_w0_claim,treble_clef_loop,checkpoint,44,43,83.74787070144063,6.637865731177801,22.631916809076223
l1_m12,20260729_Xpi_treble_clef_loop_M12_w0_claim,treble_clef_loop,checkpoint,45,44,83.74787070144063,6.637865731177801,22.631916809076223
l1_m12,20260729_Xpi_treble_clef_loop_M12_w0_claim,treble_clef_loop,checkpoint,46,45,83.74787070144063,6.637865731177801,22.631916809076223
l1_m12,20260729_Xpi_treble_clef_loop_M12_w0_claim,treble_clef_loop,checkpoint,47,46,83.74787070144063,6.637865731177801,22.631916809076223
l1_m12,20260729_Xpi_treble_clef_loop_M12_w0_claim,treble_clef_loop,checkpoint,48,47,83.74787070144063,6.637865731177801,22.631916809076223
l1_m12,20260729_Xpi_treble_clef_loop_M12_w0_claim,treble_clef_loop,checkpoint,49,48,83.74787070144063,6.637865731177801,22.631916809076223
l1_m12,20260729_Xpi_treble_clef_loop_M12_w0_claim,treble_clef_loop,checkpoint,50,49,83.74787070144063,6.637865731177801,22.631916809076223
l1_m12,20260729_Xpi_treble_clef_loop_M12_w0_claim,treble_clef_loop,final,51,50,83.74787070144063,6.637865731177801,22.631916809076223
l1_m12,20260729_Xpi_circle_arc_M12_w0_claim,circle_arc,projected_input,0,,9.537035132197362,3.0357326145844414,3.711168972490869
l1_m12,20260729_Xpi_circle_arc_M12_w0_claim,circle_arc,checkpoint,1,0,10.213770597219314,3.1415926698455126,3.8405824019694275
l1_m12,20260729_Xpi_circle_arc_M12_w0_claim,circle_arc,checkpoint,2,1,10.53377066303792,3.1415926646078347,3.9791882670955347
l1_m12,20260729_Xpi_circle_arc_M12_w0_claim,circle_arc,checkpoint,3,2,24.150741568508916,4.235557847319615,8.164736153682433
l1_m12,20260729_Xpi_circle_arc_M12_w0_claim,circle_arc,checkpoint,4,3,203.76327889761816,12.448005670661225,23.172437179652576
l1_m12,20260729_Xpi_circle_arc_M12_w0_claim,circle_arc,checkpoint,5,4,38.8505722400962,5.451762071023847,9.148385080164648
l1_m12,20260729_Xpi_circle_arc_M12_w0_claim,circle_arc,checkpoint,6,5,155.18693084545828,10.791990896737685,20.415399034664556
l1_m12,20260729_Xpi_circle_arc_M12_w0_claim,circle_arc,checkpoint,7,6,61.29997362259197,4.563115013690378,21.178233591468643
l1_m12,20260729_Xpi_circle_arc_M12_w0_claim,circle_arc,checkpoint,8,7,82.53996883622392,6.710107616014185,21.800235868126876
l1_m12,20260729_Xpi_circle_arc_M12_w0_claim,circle_arc,checkpoint,9,8,83.76321797179718,6.656186822232083,22.528098343358945
l1_m12,20260729_Xpi_circle_arc_M12_w0_claim,circle_arc,checkpoint,10,9,83.74798951453694,6.639132247015951,22.624312169574605
l1_m12,20260729_Xpi_circle_arc_M12_w0_claim,circle_arc,checkpoint,11,10,83.74787138884678,6.6379596723328795,22.631345072512556
l1_m12,20260729_Xpi_circle_arc_M12_w0_claim,circle_arc,checkpoint,12,11,83.7478707054058,6.637873166132912,22.63187286893535
l1_m12,20260729_Xpi_circle_arc_M12_w0_claim,circle_arc,checkpoint,13,12,83.74787070146346,6.637866261032646,22.631913515763888
l1_m12,20260729_Xpi_circle_arc_M12_w0_claim,circle_arc,checkpoint,14,13,83.74787070144077,6.637865775161471,22.63191655392766
l1_m12,20260729_Xpi_circle_arc_M12_w0_claim,circle_arc,checkpoint,15,14,83.7478707014406,6.637865734163819,22.631916790073603
l1_m12,20260729_Xpi_circle_arc_M12_w0_claim,circle_arc,checkpoint,16,15,83.7478707014406,6.637865734163819,22.631916790073603
l1_m12,20260729_Xpi_circle_arc_M12_w0_claim,circle_arc,checkpoint,17,16,83.7478707014406,6.637865734163819,22.631916790073603
l1_m12,20260729_Xpi_circle_arc_M12_w0_claim,circle_arc,checkpoint,18,17,83.7478707014406,6.637865734163819,22.631916790073603
l1_m12,20260729_Xpi_circle_arc_M12_w0_claim,circle_arc,checkpoint,19,18,83.7478707014406,6.637865734163819,22.631916790073603
l1_m12,20260729_Xpi_circle_arc_M12_w0_claim,circle_arc,checkpoint,20,19,83.7478707014406,6.637865734163819,22.631916790073603
l1_m12,20260729_Xpi_circle_arc_M12_w0_claim,circle_arc,checkpoint,21,20,83.7478707014406,6.637865734163819,22.631916790073603
l1_m12,20260729_Xpi_circle_arc_M12_w0_claim,circle_arc,checkpoint,22,21,83.7478707014406,6.637865734163819,22.631916790073603
l1_m12,20260729_Xpi_circle_arc_M12_w0_claim,circle_arc,checkpoint,23,22,83.7478707014406,6.637865734163819,22.631916790073603
l1_m12,20260729_Xpi_circle_arc_M12_w0_claim,circle_arc,checkpoint,24,23,83.7478707014406,6.637865734163819,22.631916790073603
l1_m12,20260729_Xpi_circle_arc_M12_w0_claim,circle_arc,checkpoint,25,24,83.7478707014406,6.637865734163819,22.631916790073603
l1_m12,20260729_Xpi_circle_arc_M12_w0_claim,circle_arc,checkpoint,26,25,83.7478707014406,6.637865734163819,22.631916790073603
l1_m12,20260729_Xpi_circle_arc_M12_w0_claim,circle_arc,checkpoint,27,26,83.74787070144063,6.637865733308811,22.631916795558737
l1_m12,20260729_Xpi_circle_arc_M12_w0_claim,circle_arc,checkpoint,28,27,83.74787070144063,6.637865733308811,22.631916795558737
l1_m12,20260729_Xpi_circle_arc_M12_w0_claim,circle_arc,checkpoint,29,28,83.74787070144063,6.637865733308811,22.631916795558737
l1_m12,20260729_Xpi_circle_arc_M12_w0_claim,circle_arc,checkpoint,30,29,83.74787070144063,6.637865733308811,22.631916795558737
l1_m12,20260729_Xpi_circle_arc_M12_w0_claim,circle_arc,checkpoint,31,30,83.74787070144068,6.637865733248717,22.631916795942402
l1_m12,20260729_Xpi_circle_arc_M12_w0_claim,circle_arc,checkpoint,32,31,83.74787070144068,6.637865733248717,22.631916795942402
l1_m12,20260729_Xpi_circle_arc_M12_w0_claim,circle_arc,checkpoint,33,32,83.74787070144068,6.637865733248717,22.631916795942402
l1_m12,20260729_Xpi_circle_arc_M12_w0_claim,circle_arc,checkpoint,34,33,83.74787070144068,6.637865733248717,22.631916795942402
l1_m12,20260729_Xpi_circle_arc_M12_w0_claim,circle_arc,checkpoint,35,34,83.74787070144068,6.637865733248717,22.631916795942402
l1_m12,20260729_Xpi_circle_arc_M12_w0_claim,circle_arc,checkpoint,36,35,83.74787070144068,6.637865733248717,22.631916795942402
l1_m12,20260729_Xpi_circle_arc_M12_w0_claim,circle_arc,checkpoint,37,36,83.74787070144068,6.637865733248717,22.631916795942402
l1_m12,20260729_Xpi_circle_arc_M12_w0_claim,circle_arc,checkpoint,38,37,83.74787070144068,6.637865733248717,22.631916795942402
l1_m12,20260729_Xpi_circle_arc_M12_w0_claim,circle_arc,checkpoint,39,38,83.74787070144068,6.637865733248717,22.631916795942402
l1_m12,20260729_Xpi_circle_arc_M12_w0_claim,circle_arc,checkpoint,40,39,83.74787070144068,6.637865733248717,22.631916795942402
l1_m12,20260729_Xpi_circle_arc_M12_w0_claim,circle_arc,checkpoint,41,40,83.74787070144068,6.637865733248717,22.631916795942402
l1_m12,20260729_Xpi_circle_arc_M12_w0_claim,circle_arc,checkpoint,42,41,83.74787070144068,6.637865733248717,22.631916795942402
l1_m12,20260729_Xpi_circle_arc_M12_w0_claim,circle_arc,checkpoint,43,42,83.74787070144068,6.637865733248717,22.631916795942402
l1_m12,20260729_Xpi_circle_arc_M12_w0_claim,circle_arc,final,44,43,83.74787070144068,6.637865733248717,22.631916795942402
l1_m12,20260729_Xpi_min_norm_gate_only_M12_w0_claim,min_norm_gate_only,projected_input,0,,10.21377059721931,3.1415926698455143,3.8405825542669767
l1_m12,20260729_Xpi_min_norm_gate_only_M12_w0_claim,min_norm_gate_only,checkpoint,1,0,10.213770597219307,3.141592669845514,3.840582554266976
l1_m12,20260729_Xpi_min_norm_gate_only_M12_w0_claim,min_norm_gate_only,checkpoint,2,1,10.533770597219311,3.1415926646078365,3.9791882749832808
l1_m12,20260729_Xpi_min_norm_gate_only_M12_w0_claim,min_norm_gate_only,checkpoint,3,2,24.150741147927622,4.235557782169103,8.164736138218663
l1_m12,20260729_Xpi_min_norm_gate_only_M12_w0_claim,min_norm_gate_only,checkpoint,4,3,203.76327687035138,12.448005602813522,23.17243715495013
l1_m12,20260729_Xpi_min_norm_gate_only_M12_w0_claim,min_norm_gate_only,checkpoint,5,4,38.85057129457534,5.451761993466686,9.148385635431225
l1_m12,20260729_Xpi_min_norm_gate_only_M12_w0_claim,min_norm_gate_only,checkpoint,6,5,155.18692223644356,10.791990534387221,20.415399122076394
l1_m12,20260729_Xpi_min_norm_gate_only_M12_w0_claim,min_norm_gate_only,checkpoint,7,6,61.2999783047654,4.563115394921533,21.178234346552223
l1_m12,20260729_Xpi_min_norm_gate_only_M12_w0_claim,min_norm_gate_only,checkpoint,8,7,82.53996897706617,6.710107591144296,21.800236061732857
l1_m12,20260729_Xpi_min_norm_gate_only_M12_w0_claim,min_norm_gate_only,checkpoint,9,8,83.76321796444785,6.656186817894288,22.52809836595468
l1_m12,20260729_Xpi_min_norm_gate_only_M12_w0_claim,min_norm_gate_only,checkpoint,10,9,83.74798951448906,6.639132246768545,22.624312171112898
l1_m12,20260729_Xpi_min_norm_gate_only_M12_w0_claim,min_norm_gate_only,checkpoint,11,10,83.74787138884649,6.6379596723129115,22.631345072629465
l1_m12,20260729_Xpi_min_norm_gate_only_M12_w0_claim,min_norm_gate_only,checkpoint,12,11,83.7478707054058,6.637873166131476,22.63187286894418
l1_m12,20260729_Xpi_min_norm_gate_only_M12_w0_claim,min_norm_gate_only,checkpoint,13,12,83.74787070146343,6.63786626103253,22.631913515764573
l1_m12,20260729_Xpi_min_norm_gate_only_M12_w0_claim,min_norm_gate_only,checkpoint,14,13,83.74787070144073,6.637865775161458,22.631916553927717
l1_m12,20260729_Xpi_min_norm_gate_only_M12_w0_claim,min_norm_gate_only,checkpoint,15,14,83.74787070144073,6.637865775161458,22.631916553927717
l1_m12,20260729_Xpi_min_norm_gate_only_M12_w0_claim,min_norm_gate_only,checkpoint,16,15,83.74787070144073,6.637865775161458,22.631916553927717
l1_m12,20260729_Xpi_min_norm_gate_only_M12_w0_claim,min_norm_gate_only,checkpoint,17,16,83.74787070144073,6.637865775161458,22.631916553927717
l1_m12,20260729_Xpi_min_norm_gate_only_M12_w0_claim,min_norm_gate_only,checkpoint,18,17,83.74787070144073,6.637865775161458,22.631916553927717
l1_m12,20260729_Xpi_min_norm_gate_only_M12_w0_claim,min_norm_gate_only,checkpoint,19,18,83.74787070144073,6.637865775161458,22.631916553927717
l1_m12,20260729_Xpi_min_norm_gate_only_M12_w0_claim,min_norm_gate_only,checkpoint,20,19,83.74787070144073,6.637865775161458,22.631916553927717
l1_m12,20260729_Xpi_min_norm_gate_only_M12_w0_claim,min_norm_gate_only,checkpoint,21,20,83.74787070144073,6.637865775161458,22.631916553927717
l1_m12,20260729_Xpi_min_norm_gate_only_M12_w0_claim,min_norm_gate_only,checkpoint,22,21,83.74787070144073,6.637865775161458,22.631916553927717
l1_m12,20260729_Xpi_min_norm_gate_only_M12_w0_claim,min_norm_gate_only,checkpoint,23,22,83.74787070144073,6.637865775161458,22.631916553927717
l1_m12,20260729_Xpi_min_norm_gate_only_M12_w0_claim,min_norm_gate_only,checkpoint,24,23,83.74787070144073,6.637865775161458,22.631916553927717
l1_m12,20260729_Xpi_min_norm_gate_only_M12_w0_claim,min_norm_gate_only,checkpoint,25,24,83.74787070144066,6.637865765928303,22.63191660711055
l1_m12,20260729_Xpi_min_norm_gate_only_M12_w0_claim,min_norm_gate_only,checkpoint,26,25,83.74787070144062,6.637865747469435,22.631916713662683
l1_m12,20260729_Xpi_min_norm_gate_only_M12_w0_claim,min_norm_gate_only,checkpoint,27,26,83.74787070144062,6.637865747469435,22.631916713662683
l1_m12,20260729_Xpi_min_norm_gate_only_M12_w0_claim,min_norm_gate_only,checkpoint,28,27,83.74787070144062,6.637865747469435,22.631916713662683
l1_m12,20260729_Xpi_min_norm_gate_only_M12_w0_claim,min_norm_gate_only,checkpoint,29,28,83.74787070144062,6.637865747469435,22.631916713662683
l1_m12,20260729_Xpi_min_norm_gate_only_M12_w0_claim,min_norm_gate_only,checkpoint,30,29,83.74787070144065,6.637865746945395,22.631916716714276
l1_m12,20260729_Xpi_min_norm_gate_only_M12_w0_claim,min_norm_gate_only,checkpoint,31,30,83.74787070144065,6.637865746945395,22.631916716714276
l1_m12,20260729_Xpi_min_norm_gate_only_M12_w0_claim,min_norm_gate_only,checkpoint,32,31,83.74787070144065,6.637865746945395,22.631916716714276
l1_m12,20260729_Xpi_min_norm_gate_only_M12_w0_claim,min_norm_gate_only,checkpoint,33,32,83.74787070144065,6.637865746945395,22.631916716714276
l1_m12,20260729_Xpi_min_norm_gate_only_M12_w0_claim,min_norm_gate_only,checkpoint,34,33,83.74787070144065,6.637865746945395,22.631916716714276
l1_m12,20260729_Xpi_min_norm_gate_only_M12_w0_claim,min_norm_gate_only,checkpoint,35,34,83.74787070144065,6.637865746945395,22.631916716714276
l1_m12,20260729_Xpi_min_norm_gate_only_M12_w0_claim,min_norm_gate_only,checkpoint,36,35,83.74787070144065,6.637865746945395,22.631916716714276
l1_m12,20260729_Xpi_min_norm_gate_only_M12_w0_claim,min_norm_gate_only,checkpoint,37,36,83.74787070144065,6.637865746945395,22.631916716714276
l1_m12,20260729_Xpi_min_norm_gate_only_M12_w0_claim,min_norm_gate_only,checkpoint,38,37,83.74787070144065,6.637865746945395,22.631916716714276
l1_m12,20260729_Xpi_min_norm_gate_only_M12_w0_claim,min_norm_gate_only,checkpoint,39,38,83.74787070144065,6.637865746945395,22.631916716714276
l1_m12,20260729_Xpi_min_norm_gate_only_M12_w0_claim,min_norm_gate_only,checkpoint,40,39,83.74787070144065,6.637865746945395,22.631916716714276
l1_m12,20260729_Xpi_min_norm_gate_only_M12_w0_claim,min_norm_gate_only,checkpoint,41,40,83.74787070144065,6.637865746945395,22.631916716714276
l1_m12,20260729_Xpi_min_norm_gate_only_M12_w0_claim,min_norm_gate_only,checkpoint,42,41,83.74787070144065,6.637865746945395,22.631916716714276
l1_m12,20260729_Xpi_min_norm_gate_only_M12_w0_claim,min_norm_gate_only,final,43,42,83.74787070144065,6.637865746945395,22.631916716714276
l1_m12,20260729_Xpi_naive_M12_w0_claim,naive,projected_input,0,,12.176136379250295,3.141592656819612,4.934802185324506
l1_m12,20260729_Xpi_naive_M12_w0_claim,naive,checkpoint,1,0,12.176136379250298,3.1415926568196135,4.934802185324507
l1_m12,20260729_Xpi_naive_M12_w0_claim,naive,checkpoint,2,1,14.075653282412844,3.1758312063771594,5.760539212165331
l1_m12,20260729_Xpi_naive_M12_w0_claim,naive,checkpoint,3,2,36.53304476158141,5.191842070631483,10.368537851323255
l1_m12,20260729_Xpi_naive_M12_w0_claim,naive,checkpoint,4,3,130.59518594664345,9.70396752375813,20.680645672022266
l1_m12,20260729_Xpi_naive_M12_w0_claim,naive,checkpoint,5,4,73.66811512868269,5.647107865758886,22.633996440032412
l1_m12,20260729_Xpi_naive_M12_w0_claim,naive,checkpoint,6,5,83.28972574075544,6.674978887067536,22.295879180525823
l1_m12,20260729_Xpi_naive_M12_w0_claim,naive,checkpoint,7,6,83.74993927930628,6.643903245468336,22.59350534216324
l1_m12,20260729_Xpi_naive_M12_w0_claim,naive,checkpoint,8,7,83.7478870596422,6.638403580509441,22.628924311238745
l1_m12,20260729_Xpi_naive_M12_w0_claim,naive,checkpoint,9,8,83.74787079099612,6.63789831939804,22.631698848044863
l1_m12,20260729_Xpi_naive_M12_w0_claim,naive,checkpoint,10,9,83.74787070191991,6.63786893711616,22.631899402111706
l1_m12,20260729_Xpi_naive_M12_w0_claim,naive,checkpoint,11,10,83.74787070144308,6.637865909830088,22.631915560110446
l1_m12,20260729_Xpi_naive_M12_w0_claim,naive,checkpoint,12,11,83.74787070144063,6.6378657506182535,22.631916707310182
l1_m12,20260729_Xpi_naive_M12_w0_claim,naive,checkpoint,13,12,83.74787070144063,6.6378657506182535,22.631916707310182
l1_m12,20260729_Xpi_naive_M12_w0_claim,naive,checkpoint,14,13,83.74787070144063,6.6378657506182535,22.631916707310182
l1_m12,20260729_Xpi_naive_M12_w0_claim,naive,checkpoint,15,14,83.74787070144063,6.6378657506182535,22.631916707310182
l1_m12,20260729_Xpi_naive_M12_w0_claim,naive,checkpoint,16,15,83.74787070144063,6.6378657506182535,22.631916707310182
l1_m12,20260729_Xpi_naive_M12_w0_claim,naive,checkpoint,17,16,83.74787070144063,6.6378657506182535,22.631916707310182
l1_m12,20260729_Xpi_naive_M12_w0_claim,naive,checkpoint,18,17,83.74787070144063,6.6378657506182535,22.631916707310182
l1_m12,20260729_Xpi_naive_M12_w0_claim,naive,checkpoint,19,18,83.74787070144063,6.6378657506182535,22.631916707310182
l1_m12,20260729_Xpi_naive_M12_w0_claim,naive,checkpoint,20,19,83.74787070144063,6.6378657506182535,22.631916707310182
l1_m12,20260729_Xpi_naive_M12_w0_claim,naive,checkpoint,21,20,83.74787070144063,6.6378657506182535,22.631916707310182
l1_m12,20260729_Xpi_naive_M12_w0_claim,naive,checkpoint,22,21,83.74787070144065,6.637865742081723,22.631916750987525
l1_m12,20260729_Xpi_naive_M12_w0_claim,naive,checkpoint,23,22,83.7478707014406,6.637865731745213,22.631916804925847
l1_m12,20260729_Xpi_naive_M12_w0_claim,naive,checkpoint,24,23,83.7478707014406,6.637865731745213,22.631916804925847
l1_m12,20260729_Xpi_naive_M12_w0_claim,naive,checkpoint,25,24,83.7478707014406,6.637865731745213,22.631916804925847
l1_m12,20260729_Xpi_naive_M12_w0_claim,naive,checkpoint,26,25,83.7478707014406,6.637865731745213,22.631916804925847
l1_m12,20260729_Xpi_naive_M12_w0_claim,naive,checkpoint,27,26,83.7478707014406,6.637865731745213,22.631916804925847
l1_m12,20260729_Xpi_naive_M12_w0_claim,naive,checkpoint,28,27,83.7478707014406,6.637865731745213,22.631916804925847
l1_m12,20260729_Xpi_naive_M12_w0_claim,naive,checkpoint,29,28,83.7478707014406,6.637865731745213,22.631916804925847
l1_m12,20260729_Xpi_naive_M12_w0_claim,naive,checkpoint,30,29,83.7478707014406,6.637865731745213,22.631916804925847
l1_m12,20260729_Xpi_naive_M12_w0_claim,naive,checkpoint,31,30,83.7478707014406,6.637865731745213,22.631916804925847
l1_m12,20260729_Xpi_naive_M12_w0_claim,naive,checkpoint,32,31,83.7478707014406,6.637865731745213,22.631916804925847
l1_m12,20260729_Xpi_naive_M12_w0_claim,naive,final,33,32,83.7478707014406,6.637865731745213,22.631916804925847
l2_m14,20260729_Xpi_alpha_3d_M14_L2_step16,alpha_3d,projected_input,0,,432.49800089089933,16.28439141107993,47.358192629795695
l2_m14,20260729_Xpi_alpha_3d_M14_L2_step16,alpha_3d,checkpoint,1,0,432.49800089089933,16.28439141107993,47.358192629795695
l2_m14,20260729_Xpi_alpha_3d_M14_L2_step16,alpha_3d,checkpoint,2,1,419.5602904813769,15.984578426208367,46.92140606464607
l2_m14,20260729_Xpi_alpha_3d_M14_L2_step16,alpha_3d,checkpoint,3,2,354.54788844802977,14.795775070294505,43.890600426006266
l2_m14,20260729_Xpi_alpha_3d_M14_L2_step16,alpha_3d,checkpoint,4,3,354.54788844802977,14.795775070294505,43.890600426006266
l2_m14,20260729_Xpi_alpha_3d_M14_L2_step16,alpha_3d,checkpoint,5,4,379.50900325157244,16.16505813010862,40.80613915504736
l2_m14,20260729_Xpi_alpha_3d_M14_L2_step16,alpha_3d,checkpoint,6,5,379.50900325157244,16.16505813010862,40.80613915504736
l2_m14,20260729_Xpi_alpha_3d_M14_L2_step16,alpha_3d,checkpoint,7,6,399.56466918923115,16.872531078753912,39.18726195461566
l2_m14,20260729_Xpi_alpha_3d_M14_L2_step16,alpha_3d,checkpoint,8,7,399.56466918923115,16.872531078753912,39.18726195461566
l2_m14,20260729_Xpi_alpha_3d_M14_L2_step16,alpha_3d,checkpoint,9,8,411.49200064630094,17.25941034856678,38.47846693724786
l2_m14,20260729_Xpi_alpha_3d_M14_L2_step16,alpha_3d,checkpoint,10,9,411.49200064630094,17.25941034856678,38.47846693724786
l2_m14,20260729_Xpi_alpha_3d_M14_L2_step16,alpha_3d,checkpoint,11,10,422.68320986218447,17.59890247098257,39.34663281280566
l2_m14,20260729_Xpi_alpha_3d_M14_L2_step16,alpha_3d,checkpoint,12,11,422.68320986218447,17.59890247098257,39.34663281280566
l2_m14,20260729_Xpi_alpha_3d_M14_L2_step16,alpha_3d,checkpoint,13,12,420.85011105567054,17.92829126940942,38.47255792077741
l2_m14,20260729_Xpi_alpha_3d_M14_L2_step16,alpha_3d,checkpoint,14,13,402.1447106761647,17.765402382440836,36.704565785963645
l2_m14,20260729_Xpi_alpha_3d_M14_L2_step16,alpha_3d,checkpoint,15,14,402.1447106761647,17.765402382440836,36.704565785963645
l2_m14,20260729_Xpi_alpha_3d_M14_L2_step16,alpha_3d,checkpoint,16,15,392.17993807785103,17.589936108977703,36.044365094668045
l2_m14,20260729_Xpi_alpha_3d_M14_L2_step16,alpha_3d,checkpoint,17,16,378.77740412937396,17.286511293888893,34.96365620031308
l2_m14,20260729_Xpi_alpha_3d_M14_L2_step16,alpha_3d,checkpoint,18,17,346.50495399674026,16.46009000302671,32.55815195172846
l2_m14,20260729_Xpi_alpha_3d_M14_L2_step16,alpha_3d,checkpoint,19,18,346.50495399674026,16.46009000302671,32.55815195172846
l2_m14,20260729_Xpi_alpha_3d_M14_L2_step16,alpha_3d,checkpoint,20,19,332.4784636141038,16.263576398384533,30.8809272374777
l2_m14,20260729_Xpi_alpha_3d_M14_L2_step16,alpha_3d,checkpoint,21,20,314.8431727933884,15.993664918942049,30.40946998995192
l2_m14,20260729_Xpi_alpha_3d_M14_L2_step16,alpha_3d,checkpoint,22,21,286.95269994554894,15.444245134371293,29.325077346674007
l2_m14,20260729_Xpi_alpha_3d_M14_L2_step16,alpha_3d,checkpoint,23,22,286.95269994554894,15.444245134371293,29.325077346674007
l2_m14,20260729_Xpi_alpha_3d_M14_L2_step16,alpha_3d,checkpoint,24,23,278.2818132101601,15.217054864710317,28.556992449359075
l2_m14,20260729_Xpi_alpha_3d_M14_L2_step16,alpha_3d,checkpoint,25,24,267.51770814921537,14.887577694856722,28.176994327889435
l2_m14,20260729_Xpi_alpha_3d_M14_L2_step16,alpha_3d,checkpoint,26,25,267.51770814921537,14.887577694856722,28.176994327889435
l2_m14,20260729_Xpi_alpha_3d_M14_L2_step16,alpha_3d,checkpoint,27,26,262.69653918832915,14.727142603343738,28.037746768950644
l2_m14,20260729_Xpi_alpha_3d_M14_L2_step16,alpha_3d,checkpoint,28,27,255.19316002199716,14.448436307398302,28.019826192834234
l2_m14,20260729_Xpi_alpha_3d_M14_L2_step16,alpha_3d,checkpoint,29,28,255.19316002199716,14.448436307398302,28.019826192834234
l2_m14,20260729_Xpi_alpha_3d_M14_L2_step16,alpha_3d,checkpoint,30,29,251.56603648246843,14.308018518736763,28.033285904234816
l2_m14,20260729_Xpi_alpha_3d_M14_L2_step16,alpha_3d,checkpoint,31,30,244.4302750269004,14.016603803460654,28.103188998645468
l2_m14,20260729_Xpi_alpha_3d_M14_L2_step16,alpha_3d,checkpoint,32,31,244.4302750269004,14.016603803460654,28.103188998645468
l2_m14,20260729_Xpi_alpha_3d_M14_L2_step16,alpha_3d,checkpoint,33,32,239.55447610587274,13.810167966252862,28.18954842756187
l2_m14,20260729_Xpi_alpha_3d_M14_L2_step16,alpha_3d,checkpoint,34,33,234.5612171893325,13.594602846979758,28.283865691421937
l2_m14,20260729_Xpi_alpha_3d_M14_L2_step16,alpha_3d,checkpoint,35,34,224.5173801136317,13.151019307234309,28.449915991893132
l2_m14,20260729_Xpi_alpha_3d_M14_L2_step16,alpha_3d,checkpoint,36,35,224.5173801136317,13.151019307234309,28.449915991893132
l2_m14,20260729_Xpi_alpha_3d_M14_L2_step16,alpha_3d,checkpoint,37,36,219.25615020925088,12.924325890873057,28.50179985280616
l2_m14,20260729_Xpi_alpha_3d_M14_L2_step16,alpha_3d,checkpoint,38,37,210.2346500624862,12.50084630810009,28.6861824246299
l2_m14,20260729_Xpi_alpha_3d_M14_L2_step16,alpha_3d,checkpoint,39,38,210.2346500624862,12.50084630810009,28.6861824246299
l2_m14,20260729_Xpi_alpha_3d_M14_L2_step16,alpha_3d,checkpoint,40,39,205.14372447051642,12.262313638742702,28.77784615740311
l2_m14,20260729_Xpi_alpha_3d_M14_L2_step16,alpha_3d,checkpoint,41,40,196.02993640041996,11.811920378840158,28.98380419068815
l2_m14,20260729_Xpi_alpha_3d_M14_L2_step16,alpha_3d,checkpoint,42,41,196.02993640041996,11.811920378840158,28.98380419068815
l2_m14,20260729_Xpi_alpha_3d_M14_L2_step16,alpha_3d,checkpoint,43,42,191.0770050765992,11.566424515819378,29.08675366624494
l2_m14,20260729_Xpi_alpha_3d_M14_L2_step16,alpha_3d,checkpoint,44,43,182.1810760174185,11.119979503993653,29.294552695573778
l2_m14,20260729_Xpi_alpha_3d_M14_L2_step16,alpha_3d,checkpoint,45,44,182.1810760174185,11.119979503993653,29.294552695573778
l2_m14,20260729_Xpi_alpha_3d_M14_L2_step16,alpha_3d,checkpoint,46,45,177.59233348404666,10.891816406596998,29.39259919312211
l2_m14,20260729_Xpi_alpha_3d_M14_L2_step16,alpha_3d,checkpoint,47,46,169.0113359196751,10.489648304765309,29.545589175089358
l2_m14,20260729_Xpi_alpha_3d_M14_L2_step16,alpha_3d,checkpoint,48,47,169.0113359196751,10.489648304765309,29.545589175089358
l2_m14,20260729_Xpi_alpha_3d_M14_L2_step16,alpha_3d,checkpoint,49,48,164.6984433623799,10.298251073303943,29.61983701555329
l2_m14,20260729_Xpi_alpha_3d_M14_L2_step16,alpha_3d,checkpoint,50,49,156.06996024361268,9.935400883300906,29.668129465871758
l2_m14,20260729_Xpi_alpha_3d_M14_L2_step16,alpha_3d,checkpoint,51,50,156.06996024361268,9.935400883300906,29.668129465871758
l2_m14,20260729_Xpi_alpha_3d_M14_L2_step16,alpha_3d,checkpoint,52,51,151.7118274899951,9.748361757616385,29.695446943447948
l2_m14,20260729_Xpi_alpha_3d_M14_L2_step16,alpha_3d,checkpoint,53,52,142.43374348849716,9.350130053699898,29.58659710747563
l2_m14,20260729_Xpi_alpha_3d_M14_L2_step16,alpha_3d,checkpoint,54,53,142.43374348849716,9.350130053699898,29.58659710747563
l2_m14,20260729_Xpi_alpha_3d_M14_L2_step16,alpha_3d,checkpoint,55,54,136.48784474315246,9.075339751278037,29.53197017105998
l2_m14,20260729_Xpi_alpha_3d_M14_L2_step16,alpha_3d,checkpoint,56,55,129.94102045168134,8.77323635499912,29.327241589811745
l2_m14,20260729_Xpi_alpha_3d_M14_L2_step16,alpha_3d,checkpoint,57,56,115.91323622826718,8.098272606592035,28.61182405200856
l2_m14,20260729_Xpi_alpha_3d_M14_L2_step16,alpha_3d,checkpoint,58,57,115.91323622826718,8.098272606592035,28.61182405200856
l2_m14,20260729_Xpi_alpha_3d_M14_L2_step16,alpha_3d,checkpoint,59,58,110.20386307539216,7.791579121577233,28.27637748163254
l2_m14,20260729_Xpi_alpha_3d_M14_L2_step16,alpha_3d,checkpoint,60,59,98.66435313281558,7.187463897412652,27.250922274713993
l2_m14,20260729_Xpi_alpha_3d_M14_L2_step16,alpha_3d,checkpoint,61,60,98.66435313281558,7.187463897412652,27.250922274713993
l2_m14,20260729_Xpi_alpha_3d_M14_L2_step16,alpha_3d,checkpoint,62,61,94.40913218640209,6.972622338151096,26.780880664220028
l2_m14,20260729_Xpi_alpha_3d_M14_L2_step16,alpha_3d,checkpoint,63,62,87.26048529072813,6.672793382452941,25.663194197282674
l2_m14,20260729_Xpi_alpha_3d_M14_L2_step16,alpha_3d,checkpoint,64,63,87.26048529072813,6.672793382452941,25.663194197282674
l2_m14,20260729_Xpi_alpha_3d_M14_L2_step16,alpha_3d,checkpoint,65,64,85.35780364349264,6.622088919392269,25.215875357803558
l2_m14,20260729_Xpi_alpha_3d_M14_L2_step16,alpha_3d,checkpoint,66,65,83.1039153729214,6.646933643792297,24.277393324221517
l2_m14,20260729_Xpi_alpha_3d_M14_L2_step16,alpha_3d,checkpoint,67,66,82.89135412780858,6.709724537451122,23.872527910702345
l2_m14,20260729_Xpi_alpha_3d_M14_L2_step16,alpha_3d,checkpoint,68,67,82.8380767772274,6.705867550867305,23.849863988229398
l2_m14,20260729_Xpi_alpha_3d_M14_L2_step16,alpha_3d,checkpoint,69,68,82.82722554562909,6.705362995067347,23.847344337819763
l2_m14,20260729_Xpi_alpha_3d_M14_L2_step16,alpha_3d,checkpoint,70,69,82.82508563059793,6.705204934601264,23.84700761498394
l2_m14,20260729_Xpi_alpha_3d_M14_L2_step16,alpha_3d,checkpoint,71,70,82.824664032083,6.705171257918419,23.84693177743579
l2_m14,20260729_Xpi_alpha_3d_M14_L2_step16,alpha_3d,checkpoint,72,71,82.82458100737384,6.705162794112704,23.846909166373678
l2_m14,20260729_Xpi_alpha_3d_M14_L2_step16,alpha_3d,checkpoint,73,72,82.82456465576855,6.705160857415507,23.846901021246147
l2_m14,20260729_Xpi_alpha_3d_M14_L2_step16,alpha_3d,checkpoint,74,73,82.82456143564298,6.705160558639993,23.846897750661157
l2_m14,20260729_Xpi_alpha_3d_M14_L2_step16,alpha_3d,checkpoint,75,74,82.82456080147763,6.705160504647787,23.84689636215792
l2_m14,20260729_Xpi_alpha_3d_M14_L2_step16,alpha_3d,checkpoint,76,75,82.8245606765798,6.705160494181813,23.846895756937112
l2_m14,20260729_Xpi_alpha_3d_M14_L2_step16,alpha_3d,checkpoint,77,76,82.8245606519796,6.7051604921468435,23.846895489947645
l2_m14,20260729_Xpi_alpha_3d_M14_L2_step16,alpha_3d,checkpoint,78,77,82.82456064713432,6.7051604917501155,23.846895371535364
l2_m14,20260729_Xpi_alpha_3d_M14_L2_step16,alpha_3d,checkpoint,79,78,82.82456064617952,6.705160491672777,23.846895318894216
l2_m14,20260729_Xpi_alpha_3d_M14_L2_step16,alpha_3d,checkpoint,80,79,82.82456064599158,6.7051604916577086,23.846895295467927
l2_m14,20260729_Xpi_alpha_3d_M14_L2_step16,alpha_3d,checkpoint,81,80,82.82456064595465,6.705160491654777,23.846895285038023
l2_m14,20260729_Xpi_alpha_3d_M14_L2_step16,alpha_3d,checkpoint,82,81,82.82456064594746,6.705160491654202,23.846895280393515
l2_m14,20260729_Xpi_alpha_3d_M14_L2_step16,alpha_3d,checkpoint,83,82,82.82456064594578,6.705160491654081,23.846895278325007
l2_m14,20260729_Xpi_alpha_3d_M14_L2_step16,alpha_3d,checkpoint,84,83,82.82456064594547,6.7051604916540635,23.846895277403792
l2_m14,20260729_Xpi_alpha_3d_M14_L2_step16,alpha_3d,checkpoint,85,84,82.82456064594548,6.70516049165406,23.846895276993514
l2_m14,20260729_Xpi_alpha_3d_M14_L2_step16,alpha_3d,checkpoint,86,85,82.82456064594527,6.705160491654046,23.84689527681077
l2_m14,20260729_Xpi_alpha_3d_M14_L2_step16,alpha_3d,checkpoint,87,86,82.82456064594528,6.70516049165405,23.84689527672936
l2_m14,20260729_Xpi_alpha_3d_M14_L2_step16,alpha_3d,checkpoint,88,87,82.82456064594528,6.70516049165405,23.84689527672936
l2_m14,20260729_Xpi_alpha_3d_M14_L2_step16,alpha_3d,checkpoint,89,88,82.82456064594528,6.70516049165405,23.84689527672936
l2_m14,20260729_Xpi_alpha_3d_M14_L2_step16,alpha_3d,checkpoint,90,89,82.82456064594528,6.70516049165405,23.84689527672936
l2_m14,20260729_Xpi_alpha_3d_M14_L2_step16,alpha_3d,checkpoint,91,90,82.82456064594528,6.70516049165405,23.84689527672936
l2_m14,20260729_Xpi_alpha_3d_M14_L2_step16,alpha_3d,checkpoint,92,91,82.82456064594528,6.70516049165405,23.84689527672936
l2_m14,20260729_Xpi_alpha_3d_M14_L2_step16,alpha_3d,checkpoint,93,92,82.82456064594528,6.70516049165405,23.84689527672936
l2_m14,20260729_Xpi_alpha_3d_M14_L2_step16,alpha_3d,checkpoint,94,93,82.82456064594528,6.70516049165405,23.84689527672936
l2_m14,20260729_Xpi_alpha_3d_M14_L2_step16,alpha_3d,checkpoint,95,94,82.82456064594528,6.70516049165405,23.84689527672936
l2_m14,20260729_Xpi_alpha_3d_M14_L2_step16,alpha_3d,checkpoint,96,95,82.82456064594528,6.70516049165405,23.84689527672936
l2_m14,20260729_Xpi_alpha_3d_M14_L2_step16,alpha_3d,checkpoint,97,96,82.82456064594528,6.70516049165405,23.84689527672936
l2_m14,20260729_Xpi_alpha_3d_M14_L2_step16,alpha_3d,checkpoint,98,97,82.82456064594528,6.70516049165405,23.84689527672936
l2_m14,20260729_Xpi_alpha_3d_M14_L2_step16,alpha_3d,checkpoint,99,98,82.82456064594528,6.70516049165405,23.84689527672936
l2_m14,20260729_Xpi_alpha_3d_M14_L2_step16,alpha_3d,checkpoint,100,99,82.82456064594528,6.70516049165405,23.84689527672936
l2_m14,20260729_Xpi_alpha_3d_M14_L2_step16,alpha_3d,checkpoint,101,100,82.82456064594528,6.70516049165405,23.84689527672936
l2_m14,20260729_Xpi_alpha_3d_M14_L2_step16,alpha_3d,checkpoint,102,101,82.82456064594528,6.70516049165405,23.84689527672936
l2_m14,20260729_Xpi_alpha_3d_M14_L2_step16,alpha_3d,checkpoint,103,102,82.82456064594528,6.70516049165405,23.84689527672936
l2_m14,20260729_Xpi_alpha_3d_M14_L2_step16,alpha_3d,checkpoint,104,103,82.82456064594533,6.705160491654053,23.846895276729363
l2_m14,20260729_Xpi_alpha_3d_M14_L2_step16,alpha_3d,checkpoint,105,104,82.82456064594533,6.705160491654053,23.846895276729363
l2_m14,20260729_Xpi_alpha_3d_M14_L2_step16,alpha_3d,final,106,105,82.82456064594533,6.705160491654053,23.846895276729363
l2_m14,20260729_Xpi_tilted_lemniscate_M14_L2_step16,tilted_lemniscate,projected_input,0,,128.24729385102802,7.861404864801521,23.737703517826176
l2_m14,20260729_Xpi_tilted_lemniscate_M14_L2_step16,tilted_lemniscate,checkpoint,1,0,128.24729385102802,7.861404864801521,23.737703517826176
l2_m14,20260729_Xpi_tilted_lemniscate_M14_L2_step16,tilted_lemniscate,checkpoint,2,1,125.35347437409774,8.051631896532813,23.409422574444623
l2_m14,20260729_Xpi_tilted_lemniscate_M14_L2_step16,tilted_lemniscate,checkpoint,3,2,131.33862066570725,9.584032935373086,21.65484254023857
l2_m14,20260729_Xpi_tilted_lemniscate_M14_L2_step16,tilted_lemniscate,checkpoint,4,3,157.76462637740843,11.191248036422378,22.566215972262537
l2_m14,20260729_Xpi_tilted_lemniscate_M14_L2_step16,tilted_lemniscate,checkpoint,5,4,133.31156499943893,9.858758909356526,19.221435292767087
l2_m14,20260729_Xpi_tilted_lemniscate_M14_L2_step16,tilted_lemniscate,checkpoint,6,5,113.31734821080443,8.888672001379476,20.174924089699093
l2_m14,20260729_Xpi_tilted_lemniscate_M14_L2_step16,tilted_lemniscate,checkpoint,7,6,96.78893122952346,7.525132424095108,22.311609669507526
l2_m14,20260729_Xpi_tilted_lemniscate_M14_L2_step16,tilted_lemniscate,checkpoint,8,7,87.7683573764756,6.907725942360148,23.463696174471163
l2_m14,20260729_Xpi_tilted_lemniscate_M14_L2_step16,tilted_lemniscate,checkpoint,9,8,84.60340807563622,6.821908316701623,23.745849792625464
l2_m14,20260729_Xpi_tilted_lemniscate_M14_L2_step16,tilted_lemniscate,checkpoint,10,9,83.1581935497031,6.718355359740241,23.852073618798276
l2_m14,20260729_Xpi_tilted_lemniscate_M14_L2_step16,tilted_lemniscate,checkpoint,11,10,82.88553901060976,6.707596558314358,23.849399081271798
l2_m14,20260729_Xpi_tilted_lemniscate_M14_L2_step16,tilted_lemniscate,checkpoint,12,11,82.83588973299328,6.705468823028683,23.847661495473172
l2_m14,20260729_Xpi_tilted_lemniscate_M14_L2_step16,tilted_lemniscate,checkpoint,13,12,82.82678659258542,6.7052206990729015,23.847065810639233
l2_m14,20260729_Xpi_tilted_lemniscate_M14_L2_step16,tilted_lemniscate,checkpoint,14,13,82.82500187264844,6.7051733155937,23.846970685823877
l2_m14,20260729_Xpi_tilted_lemniscate_M14_L2_step16,tilted_lemniscate,checkpoint,15,14,82.82464816053873,6.70516436455909,23.846928434849524
l2_m14,20260729_Xpi_tilted_lemniscate_M14_L2_step16,tilted_lemniscate,checkpoint,16,15,82.82457800532525,6.70516150630055,23.846909887652053
l2_m14,20260729_Xpi_tilted_lemniscate_M14_L2_step16,tilted_lemniscate,checkpoint,17,16,82.82456408939802,6.70516051771328,23.84690174652812
l2_m14,20260729_Xpi_tilted_lemniscate_M14_L2_step16,tilted_lemniscate,checkpoint,18,17,82.8245613289996,6.70516049680144,23.84689815023657
l2_m14,20260729_Xpi_tilted_lemniscate_M14_L2_step16,tilted_lemniscate,checkpoint,19,18,82.82456078143817,6.705160492674283,23.846896554869993
l2_m14,20260729_Xpi_tilted_lemniscate_M14_L2_step16,tilted_lemniscate,checkpoint,20,19,82.82456067282219,6.705160491856292,23.846895845625383
l2_m14,20260729_Xpi_tilted_lemniscate_M14_L2_step16,tilted_lemniscate,checkpoint,21,20,82.82456065127694,6.705160491694174,23.846895530003128
l2_m14,20260729_Xpi_tilted_lemniscate_M14_L2_step16,tilted_lemniscate,checkpoint,22,21,82.82456064700314,6.705160491662015,23.846895389483343
l2_m14,20260729_Xpi_tilted_lemniscate_M14_L2_step16,tilted_lemniscate,checkpoint,23,22,82.82456064615523,6.705160491655632,23.84689532690892
l2_m14,20260729_Xpi_tilted_lemniscate_M14_L2_step16,tilted_lemniscate,checkpoint,24,23,82.8245606459869,6.705160491654369,23.846895299041538
l2_m14,20260729_Xpi_tilted_lemniscate_M14_L2_step16,tilted_lemniscate,checkpoint,25,24,82.82456064595362,6.70516049165412,23.846895286630435
l2_m14,20260729_Xpi_tilted_lemniscate_M14_L2_step16,tilted_lemniscate,checkpoint,26,25,82.8245606459471,6.705160491654078,23.846895281102835
l2_m14,20260729_Xpi_tilted_lemniscate_M14_L2_step16,tilted_lemniscate,checkpoint,27,26,82.82456064594594,6.705160491654067,23.846895278641025
l2_m14,20260729_Xpi_tilted_lemniscate_M14_L2_step16,tilted_lemniscate,checkpoint,28,27,82.82456064594535,6.70516049165405,23.846895277544508
l2_m14,20260729_Xpi_tilted_lemniscate_M14_L2_step16,tilted_lemniscate,checkpoint,29,28,82.8245606459453,6.705160491654049,23.846895277056174
l2_m14,20260729_Xpi_tilted_lemniscate_M14_L2_step16,tilted_lemniscate,checkpoint,30,29,82.82456064594524,6.705160491654051,23.846895276838655
l2_m14,20260729_Xpi_tilted_lemniscate_M14_L2_step16,tilted_lemniscate,checkpoint,31,30,82.82456064594524,6.705160491654051,23.846895276838655
l2_m14,20260729_Xpi_tilted_lemniscate_M14_L2_step16,tilted_lemniscate,checkpoint,32,31,82.82456064594524,6.705160491654051,23.846895276838655
l2_m14,20260729_Xpi_tilted_lemniscate_M14_L2_step16,tilted_lemniscate,checkpoint,33,32,82.82456064594524,6.705160491654051,23.846895276838655
l2_m14,20260729_Xpi_tilted_lemniscate_M14_L2_step16,tilted_lemniscate,checkpoint,34,33,82.82456064594524,6.705160491654051,23.846895276838655
l2_m14,20260729_Xpi_tilted_lemniscate_M14_L2_step16,tilted_lemniscate,checkpoint,35,34,82.82456064594524,6.705160491654051,23.846895276838655
l2_m14,20260729_Xpi_tilted_lemniscate_M14_L2_step16,tilted_lemniscate,checkpoint,36,35,82.82456064594524,6.705160491654051,23.846895276838655
l2_m14,20260729_Xpi_tilted_lemniscate_M14_L2_step16,tilted_lemniscate,checkpoint,37,36,82.82456064594524,6.705160491654051,23.846895276838655
l2_m14,20260729_Xpi_tilted_lemniscate_M14_L2_step16,tilted_lemniscate,checkpoint,38,37,82.82456064594524,6.705160491654051,23.846895276838655
l2_m14,20260729_Xpi_tilted_lemniscate_M14_L2_step16,tilted_lemniscate,checkpoint,39,38,82.82456064594524,6.705160491654051,23.846895276838655
l2_m14,20260729_Xpi_tilted_lemniscate_M14_L2_step16,tilted_lemniscate,checkpoint,40,39,82.82456064594524,6.705160491654051,23.846895276838655
l2_m14,20260729_Xpi_tilted_lemniscate_M14_L2_step16,tilted_lemniscate,checkpoint,41,40,82.82456064594524,6.705160491654051,23.846895276838655
l2_m14,20260729_Xpi_tilted_lemniscate_M14_L2_step16,tilted_lemniscate,checkpoint,42,41,82.82456064594524,6.705160491654051,23.846895276838655
l2_m14,20260729_Xpi_tilted_lemniscate_M14_L2_step16,tilted_lemniscate,checkpoint,43,42,82.82456064594524,6.705160491654051,23.846895276838655
l2_m14,20260729_Xpi_tilted_lemniscate_M14_L2_step16,tilted_lemniscate,checkpoint,44,43,82.82456064594524,6.705160491654053,23.846895276838598
l2_m14,20260729_Xpi_tilted_lemniscate_M14_L2_step16,tilted_lemniscate,checkpoint,45,44,82.82456064594524,6.705160491654053,23.846895276838598
l2_m14,20260729_Xpi_tilted_lemniscate_M14_L2_step16,tilted_lemniscate,checkpoint,46,45,82.82456064594524,6.705160491654053,23.846895276838598
l2_m14,20260729_Xpi_tilted_lemniscate_M14_L2_step16,tilted_lemniscate,checkpoint,47,46,82.82456064594524,6.705160491654053,23.846895276838598
l2_m14,20260729_Xpi_tilted_lemniscate_M14_L2_step16,tilted_lemniscate,checkpoint,48,47,82.82456064594524,6.705160491654053,23.846895276838598
l2_m14,20260729_Xpi_tilted_lemniscate_M14_L2_step16,tilted_lemniscate,checkpoint,49,48,82.82456064594524,6.705160491654053,23.846895276838598
l2_m14,20260729_Xpi_tilted_lemniscate_M14_L2_step16,tilted_lemniscate,checkpoint,50,49,82.82456064594524,6.705160491654053,23.846895276838598
l2_m14,20260729_Xpi_tilted_lemniscate_M14_L2_step16,tilted_lemniscate,checkpoint,51,50,82.82456064594524,6.705160491654053,23.846895276838598
l2_m14,20260729_Xpi_tilted_lemniscate_M14_L2_step16,tilted_lemniscate,checkpoint,52,51,82.8245606459452,6.705160491654051,23.846895276838588
l2_m14,20260729_Xpi_tilted_lemniscate_M14_L2_step16,tilted_lemniscate,checkpoint,53,52,82.8245606459452,6.705160491654051,23.846895276838588
l2_m14,20260729_Xpi_tilted_lemniscate_M14_L2_step16,tilted_lemniscate,checkpoint,54,53,82.8245606459452,6.705160491654051,23.846895276838588
l2_m14,20260729_Xpi_tilted_lemniscate_M14_L2_step16,tilted_lemniscate,checkpoint,55,54,82.8245606459452,6.705160491654051,23.846895276838588
l2_m14,20260729_Xpi_tilted_lemniscate_M14_L2_step16,tilted_lemniscate,checkpoint,56,55,82.8245606459452,6.705160491654051,23.846895276838588
l2_m14,20260729_Xpi_tilted_lemniscate_M14_L2_step16,tilted_lemniscate,final,57,56,82.8245606459452,6.705160491654051,23.846895276838588
l2_m14,20260729_Xpi_rcp_lemniscate_M14_L2_step16,rcp_lemniscate,projected_input,0,,327.4687769265132,15.465661231083347,31.763074268123095
l2_m14,20260729_Xpi_rcp_lemniscate_M14_L2_step16,rcp_lemniscate,checkpoint,1,0,327.4687769265132,15.465661231083347,31.763074268123095
l2_m14,20260729_Xpi_rcp_lemniscate_M14_L2_step16,rcp_lemniscate,checkpoint,2,1,332.35329946862316,15.456317154723424,33.10708907542182
l2_m14,20260729_Xpi_rcp_lemniscate_M14_L2_step16,rcp_lemniscate,checkpoint,3,2,327.5224234741318,15.18223777228662,33.978339956837466
l2_m14,20260729_Xpi_rcp_lemniscate_M14_L2_step16,rcp_lemniscate,checkpoint,4,3,316.8809448852147,14.301646922295856,37.745512686096724
l2_m14,20260729_Xpi_rcp_lemniscate_M14_L2_step16,rcp_lemniscate,checkpoint,5,4,312.8104951677101,14.261589396307837,37.51073916710908
l2_m14,20260729_Xpi_rcp_lemniscate_M14_L2_step16,rcp_lemniscate,checkpoint,6,5,310.64774797564587,14.28337865639499,37.22190872021343
l2_m14,20260729_Xpi_rcp_lemniscate_M14_L2_step16,rcp_lemniscate,checkpoint,7,6,309.540367249888,14.318085960873251,36.92607341502838
l2_m14,20260729_Xpi_rcp_lemniscate_M14_L2_step16,rcp_lemniscate,checkpoint,8,7,308.9263176102921,14.354549845716743,36.68717385181112
l2_m14,20260729_Xpi_rcp_lemniscate_M14_L2_step16,rcp_lemniscate,checkpoint,9,8,308.56190818682626,14.386923573962976,36.49200110888115
l2_m14,20260729_Xpi_rcp_lemniscate_M14_L2_step16,rcp_lemniscate,checkpoint,10,9,308.33336960639696,14.414769932414817,36.33161377565853
l2_m14,20260729_Xpi_rcp_lemniscate_M14_L2_step16,rcp_lemniscate,checkpoint,11,10,308.1834509200211,14.438392854137648,36.199293827281046
l2_m14,20260729_Xpi_rcp_lemniscate_M14_L2_step16,rcp_lemniscate,checkpoint,12,11,308.0813913344561,14.458448664775116,36.088505873933514
l2_m14,20260729_Xpi_rcp_lemniscate_M14_L2_step16,rcp_lemniscate,checkpoint,13,12,308.00972609759447,14.475547311629473,35.99559252255797
l2_m14,20260729_Xpi_rcp_lemniscate_M14_L2_step16,rcp_lemniscate,checkpoint,14,13,307.9580566946528,14.490203661266476,35.91684353186019
l2_m14,20260729_Xpi_rcp_lemniscate_M14_L2_step16,rcp_lemniscate,checkpoint,15,14,307.91993536573233,14.502850759899875,35.850164607904105
l2_m14,20260729_Xpi_rcp_lemniscate_M14_L2_step16,rcp_lemniscate,checkpoint,16,15,307.89122032560334,14.513825664369646,35.793449134509345
l2_m14,20260729_Xpi_rcp_lemniscate_M14_L2_step16,rcp_lemniscate,checkpoint,17,16,307.8691666674367,14.523404571865719,35.74534036510483
l2_m14,20260729_Xpi_rcp_lemniscate_M14_L2_step16,rcp_lemniscate,checkpoint,18,17,307.8519028578408,14.531821722106805,35.70462248908925
l2_m14,20260729_Xpi_rcp_lemniscate_M14_L2_step16,rcp_lemniscate,checkpoint,19,18,307.83811824100013,14.539233215230615,35.67058010272632
l2_m14,20260729_Xpi_rcp_lemniscate_M14_L2_step16,rcp_lemniscate,checkpoint,20,19,307.82687025528156,14.545798691516273,35.64232227675526
l2_m14,20260729_Xpi_rcp_lemniscate_M14_L2_step16,rcp_lemniscate,checkpoint,21,20,307.817461843252,14.551635559079685,35.61946924135542
l2_m14,20260729_Xpi_rcp_lemniscate_M14_L2_step16,rcp_lemniscate,checkpoint,22,21,307.80936113575683,14.556839003902224,35.6014538338371
l2_m14,20260729_Xpi_rcp_lemniscate_M14_L2_step16,rcp_lemniscate,checkpoint,23,22,307.8021471990079,14.561480356623868,35.588018741888405
l2_m14,20260729_Xpi_rcp_lemniscate_M14_L2_step16,rcp_lemniscate,checkpoint,24,23,307.7954721063901,14.565638411537922,35.57895720325093
l2_m14,20260729_Xpi_rcp_lemniscate_M14_L2_step16,rcp_lemniscate,checkpoint,25,24,307.78903332465956,14.569356998565688,35.57411186594172
l2_m14,20260729_Xpi_rcp_lemniscate_M14_L2_step16,rcp_lemniscate,checkpoint,26,25,307.78255257219365,14.572689531997375,35.573360887263505
l2_m14,20260729_Xpi_rcp_lemniscate_M14_L2_step16,rcp_lemniscate,checkpoint,27,26,307.77575860850277,14.57566821326891,35.576612708479686
l2_m14,20260729_Xpi_rcp_lemniscate_M14_L2_step16,rcp_lemniscate,checkpoint,28,27,307.7683721915502,14.578317594226116,35.58389657358293
l2_m14,20260729_Xpi_rcp_lemniscate_M14_L2_step16,rcp_lemniscate,checkpoint,29,28,307.76009190793235,14.580660270477374,35.595347773782755
l2_m14,20260729_Xpi_rcp_lemniscate_M14_L2_step16,rcp_lemniscate,checkpoint,30,29,307.75057984961865,14.58271921831046,35.61093268460058
l2_m14,20260729_Xpi_rcp_lemniscate_M14_L2_step16,rcp_lemniscate,checkpoint,31,30,307.73944625165365,14.584495765173727,35.63076801675612
l2_m14,20260729_Xpi_rcp_lemniscate_M14_L2_step16,rcp_lemniscate,checkpoint,32,31,307.7262322541574,14.585987060723529,35.6550945463429
l2_m14,20260729_Xpi_rcp_lemniscate_M14_L2_step16,rcp_lemniscate,checkpoint,33,32,307.7103899327802,14.587208181337788,35.684059321166444
l2_m14,20260729_Xpi_rcp_lemniscate_M14_L2_step16,rcp_lemniscate,checkpoint,34,33,307.6912586644793,14.588130706886261,35.717914964939276
l2_m14,20260729_Xpi_rcp_lemniscate_M14_L2_step16,rcp_lemniscate,checkpoint,35,34,307.6680367645936,14.588738009789346,35.75678900504875
l2_m14,20260729_Xpi_rcp_lemniscate_M14_L2_step16,rcp_lemniscate,checkpoint,36,35,307.6397471442527,14.589008236551269,35.80081938904293
l2_m14,20260729_Xpi_rcp_lemniscate_M14_L2_step16,rcp_lemniscate,checkpoint,37,36,307.60519548715143,14.588908886151259,35.850441253268464
l2_m14,20260729_Xpi_rcp_lemniscate_M14_L2_step16,rcp_lemniscate,checkpoint,38,37,307.5629191176976,14.588384824177345,35.90570612326092
l2_m14,20260729_Xpi_rcp_lemniscate_M14_L2_step16,rcp_lemniscate,checkpoint,39,38,307.5111243059032,14.587349027754597,35.96676239340328
l2_m14,20260729_Xpi_rcp_lemniscate_M14_L2_step16,rcp_lemniscate,checkpoint,40,39,307.4476091908316,14.585742169306096,36.033722684154135
l2_m14,20260729_Xpi_rcp_lemniscate_M14_L2_step16,rcp_lemniscate,checkpoint,41,40,307.36966874225504,14.583460334468924,36.10668879389859
l2_m14,20260729_Xpi_rcp_lemniscate_M14_L2_step16,rcp_lemniscate,checkpoint,42,41,307.2739771142692,14.580355286302291,36.18540188789248
l2_m14,20260729_Xpi_rcp_lemniscate_M14_L2_step16,rcp_lemniscate,checkpoint,43,42,307.1564411925979,14.576279084441394,36.26956897211167
l2_m14,20260729_Xpi_rcp_lemniscate_M14_L2_step16,rcp_lemniscate,checkpoint,44,43,307.0120167764814,14.57102094100101,36.35855766613353
l2_m14,20260729_Xpi_rcp_lemniscate_M14_L2_step16,rcp_lemniscate,checkpoint,45,44,306.83447508868375,14.56433283358219,36.451763034008245
l2_m14,20260729_Xpi_rcp_lemniscate_M14_L2_step16,rcp_lemniscate,checkpoint,46,45,306.61610112480923,14.555906197959638,36.54765359912197
l2_m14,20260729_Xpi_rcp_lemniscate_M14_L2_step16,rcp_lemniscate,checkpoint,47,46,306.3472948065058,14.545360791761272,36.64455567691312
l2_m14,20260729_Xpi_rcp_lemniscate_M14_L2_step16,rcp_lemniscate,checkpoint,48,47,306.0160273712246,14.532205688783145,36.74013591132557
l2_m14,20260729_Xpi_rcp_lemniscate_M14_L2_step16,rcp_lemniscate,checkpoint,49,48,305.6070719273388,14.515828020371872,36.83144524900661
l2_m14,20260729_Xpi_rcp_lemniscate_M14_L2_step16,rcp_lemniscate,checkpoint,50,49,305.10086462556916,14.495430271206981,36.914720935009214
l2_m14,20260729_Xpi_rcp_lemniscate_M14_L2_step16,rcp_lemniscate,checkpoint,51,50,304.471731992704,14.469971316657812,36.985337145124866
l2_m14,20260729_Xpi_rcp_lemniscate_M14_L2_step16,rcp_lemniscate,checkpoint,52,51,303.6849750466491,14.43799368082752,37.03807057771662
l2_m14,20260729_Xpi_rcp_lemniscate_M14_L2_step16,rcp_lemniscate,checkpoint,53,52,302.6917763287611,14.397446250326292,37.06696036550248
l2_m14,20260729_Xpi_rcp_lemniscate_M14_L2_step16,rcp_lemniscate,checkpoint,54,53,301.41969857666714,14.345259104787695,37.06555122925949
l2_m14,20260729_Xpi_rcp_lemniscate_M14_L2_step16,rcp_lemniscate,checkpoint,55,54,299.75361690005,14.276618548231095,37.027526551496905
l2_m14,20260729_Xpi_rcp_lemniscate_M14_L2_step16,rcp_lemniscate,checkpoint,56,55,297.4943296202696,14.183626306044935,36.94570949377596
l2_m14,20260729_Xpi_rcp_lemniscate_M14_L2_step16,rcp_lemniscate,checkpoint,57,56,292.1687757022635,14.00662535009219,36.73855717450389
l2_m14,20260729_Xpi_rcp_lemniscate_M14_L2_step16,rcp_lemniscate,checkpoint,58,57,285.5616383501768,13.772622788461492,36.53310381423587
l2_m14,20260729_Xpi_rcp_lemniscate_M14_L2_step16,rcp_lemniscate,checkpoint,59,58,274.2476440307766,13.424469319573868,35.958008021247814
l2_m14,20260729_Xpi_rcp_lemniscate_M14_L2_step16,rcp_lemniscate,checkpoint,60,59,274.2476440307766,13.424469319573868,35.958008021247814
l2_m14,20260729_Xpi_rcp_lemniscate_M14_L2_step16,rcp_lemniscate,checkpoint,61,60,265.57790076417007,13.193188114286423,35.00670591354644
l2_m14,20260729_Xpi_rcp_lemniscate_M14_L2_step16,rcp_lemniscate,checkpoint,62,61,250.77393672576352,12.805330034948957,33.24804290563993
l2_m14,20260729_Xpi_rcp_lemniscate_M14_L2_step16,rcp_lemniscate,checkpoint,63,62,234.6073254324542,12.355710041430495,30.412882342572114
l2_m14,20260729_Xpi_rcp_lemniscate_M14_L2_step16,rcp_lemniscate,checkpoint,64,63,220.03020173224195,11.993775681362902,30.26154466897446
l2_m14,20260729_Xpi_rcp_lemniscate_M14_L2_step16,rcp_lemniscate,checkpoint,65,64,205.67393918916588,11.591594251613813,30.143902254365265
l2_m14,20260729_Xpi_rcp_lemniscate_M14_L2_step16,rcp_lemniscate,checkpoint,66,65,191.98442957130936,11.240965031345764,29.177436440597933
l2_m14,20260729_Xpi_rcp_lemniscate_M14_L2_step16,rcp_lemniscate,checkpoint,67,66,174.84292763388143,11.022791938954814,27.918710446505006
l2_m14,20260729_Xpi_rcp_lemniscate_M14_L2_step16,rcp_lemniscate,checkpoint,68,67,159.28622998017335,10.842376007940864,25.73272819918762
l2_m14,20260729_Xpi_rcp_lemniscate_M14_L2_step16,rcp_lemniscate,checkpoint,69,68,148.21390884635738,10.695005314278177,23.51135575226572
l2_m14,20260729_Xpi_rcp_lemniscate_M14_L2_step16,rcp_lemniscate,checkpoint,70,69,148.21390884635738,10.695005314278177,23.51135575226572
l2_m14,20260729_Xpi_rcp_lemniscate_M14_L2_step16,rcp_lemniscate,checkpoint,71,70,138.48357791202653,10.328910192876318,21.7895800238118
l2_m14,20260729_Xpi_rcp_lemniscate_M14_L2_step16,rcp_lemniscate,checkpoint,72,71,128.18561786077038,9.817905654238272,19.9384381622463
l2_m14,20260729_Xpi_rcp_lemniscate_M14_L2_step16,rcp_lemniscate,checkpoint,73,72,116.86105363137656,9.149375956704384,18.884124790074967
l2_m14,20260729_Xpi_rcp_lemniscate_M14_L2_step16,rcp_lemniscate,checkpoint,74,73,105.58678855259754,8.338762208675421,20.346301242984453
l2_m14,20260729_Xpi_rcp_lemniscate_M14_L2_step16,rcp_lemniscate,checkpoint,75,74,95.78406630214738,7.4781606072650355,21.89197806947024
l2_m14,20260729_Xpi_rcp_lemniscate_M14_L2_step16,rcp_lemniscate,checkpoint,76,75,88.69057461919975,7.026070485102471,23.34137087768318
l2_m14,20260729_Xpi_rcp_lemniscate_M14_L2_step16,rcp_lemniscate,checkpoint,77,76,84.56594749106769,6.794817810962011,23.787129723454377
l2_m14,20260729_Xpi_rcp_lemniscate_M14_L2_step16,rcp_lemniscate,checkpoint,78,77,83.20372945367512,6.725902867730027,23.84707033022437
l2_m14,20260729_Xpi_rcp_lemniscate_M14_L2_step16,rcp_lemniscate,checkpoint,79,78,82.88676630539976,6.707362787430773,23.849935071338038
l2_m14,20260729_Xpi_rcp_lemniscate_M14_L2_step16,rcp_lemniscate,checkpoint,80,79,82.83599659639536,6.7054760531361435,23.847722858243664
l2_m14,20260729_Xpi_rcp_lemniscate_M14_L2_step16,rcp_lemniscate,checkpoint,81,80,82.82680915450455,6.705220019141363,23.84707271718683
l2_m14,20260729_Xpi_rcp_lemniscate_M14_L2_step16,rcp_lemniscate,checkpoint,82,81,82.82500632831936,6.70517343078886,23.84697140617179
l2_m14,20260729_Xpi_rcp_lemniscate_M14_L2_step16,rcp_lemniscate,checkpoint,83,82,82.82464904420685,6.705164384976512,23.846928634033457
l2_m14,20260729_Xpi_rcp_lemniscate_M14_L2_step16,rcp_lemniscate,checkpoint,84,83,82.82457818060541,6.705161516967877,23.84690996420966
l2_m14,20260729_Xpi_rcp_lemniscate_M14_L2_step16,rcp_lemniscate,checkpoint,85,84,82.824564124167,6.70516051792695,23.84690177946083
l2_m14,20260729_Xpi_rcp_lemniscate_M14_L2_step16,rcp_lemniscate,checkpoint,86,85,82.8245613358965,6.705160496853628,23.846898164755473
l2_m14,20260729_Xpi_rcp_lemniscate_M14_L2_step16,rcp_lemniscate,checkpoint,87,86,82.82456078280623,6.705160492684243,23.846896561314768
l2_m14,20260729_Xpi_rcp_lemniscate_M14_L2_step16,rcp_lemniscate,checkpoint,88,87,82.82456067309361,6.705160491858335,23.846895848492043
l2_m14,20260729_Xpi_rcp_lemniscate_M14_L2_step16,rcp_lemniscate,checkpoint,89,88,82.82456065133056,6.705160491694565,23.84689553127915
l2_m14,20260729_Xpi_rcp_lemniscate_M14_L2_step16,rcp_lemniscate,checkpoint,90,89,82.82456064701367,6.705160491662093,23.846895390051483
l2_m14,20260729_Xpi_rcp_lemniscate_M14_L2_step16,rcp_lemniscate,checkpoint,91,90,82.8245606461575,6.705160491655664,23.846895327161974
l2_m14,20260729_Xpi_rcp_lemniscate_M14_L2_step16,rcp_lemniscate,checkpoint,92,91,82.82456064598728,6.705160491654373,23.846895299154237
l2_m14,20260729_Xpi_rcp_lemniscate_M14_L2_step16,rcp_lemniscate,checkpoint,93,92,82.82456064595375,6.705160491654116,23.84689528668063
l2_m14,20260729_Xpi_rcp_lemniscate_M14_L2_step16,rcp_lemniscate,checkpoint,94,93,82.82456064594716,6.7051604916540715,23.846895281125224
l2_m14,20260729_Xpi_rcp_lemniscate_M14_L2_step16,rcp_lemniscate,checkpoint,95,94,82.82456064594578,6.705160491654062,23.846895278650948
l2_m14,20260729_Xpi_rcp_lemniscate_M14_L2_step16,rcp_lemniscate,checkpoint,96,95,82.82456064594543,6.7051604916540635,23.84689527754892
l2_m14,20260729_Xpi_rcp_lemniscate_M14_L2_step16,rcp_lemniscate,checkpoint,97,96,82.82456064594535,6.705160491654056,23.846895277058128
l2_m14,20260729_Xpi_rcp_lemniscate_M14_L2_step16,rcp_lemniscate,checkpoint,98,97,82.82456064594531,6.705160491654053,23.846895276839547
l2_m14,20260729_Xpi_rcp_lemniscate_M14_L2_step16,rcp_lemniscate,checkpoint,99,98,82.82456064594531,6.705160491654053,23.846895276839547
l2_m14,20260729_Xpi_rcp_lemniscate_M14_L2_step16,rcp_lemniscate,checkpoint,100,99,82.82456064594531,6.705160491654053,23.846895276839547
l2_m14,20260729_Xpi_rcp_lemniscate_M14_L2_step16,rcp_lemniscate,checkpoint,101,100,82.82456064594531,6.705160491654053,23.846895276839547
l2_m14,20260729_Xpi_rcp_lemniscate_M14_L2_step16,rcp_lemniscate,checkpoint,102,101,82.82456064594531,6.705160491654053,23.846895276839547
l2_m14,20260729_Xpi_rcp_lemniscate_M14_L2_step16,rcp_lemniscate,checkpoint,103,102,82.82456064594531,6.705160491654053,23.846895276839547
l2_m14,20260729_Xpi_rcp_lemniscate_M14_L2_step16,rcp_lemniscate,checkpoint,104,103,82.82456064594531,6.705160491654053,23.846895276839547
l2_m14,20260729_Xpi_rcp_lemniscate_M14_L2_step16,rcp_lemniscate,checkpoint,105,104,82.82456064594531,6.705160491654053,23.846895276839547
l2_m14,20260729_Xpi_rcp_lemniscate_M14_L2_step16,rcp_lemniscate,checkpoint,106,105,82.82456064594531,6.705160491654053,23.846895276839547
l2_m14,20260729_Xpi_rcp_lemniscate_M14_L2_step16,rcp_lemniscate,checkpoint,107,106,82.82456064594531,6.705160491654053,23.846895276839547
l2_m14,20260729_Xpi_rcp_lemniscate_M14_L2_step16,rcp_lemniscate,checkpoint,108,107,82.82456064594531,6.705160491654053,23.846895276839547
l2_m14,20260729_Xpi_rcp_lemniscate_M14_L2_step16,rcp_lemniscate,checkpoint,109,108,82.82456064594531,6.705160491654053,23.846895276839547
l2_m14,20260729_Xpi_rcp_lemniscate_M14_L2_step16,rcp_lemniscate,checkpoint,110,109,82.82456064594531,6.705160491654053,23.846895276839547
l2_m14,20260729_Xpi_rcp_lemniscate_M14_L2_step16,rcp_lemniscate,checkpoint,111,110,82.82456064594531,6.705160491654053,23.846895276839547
l2_m14,20260729_Xpi_rcp_lemniscate_M14_L2_step16,rcp_lemniscate,checkpoint,112,111,82.82456064594531,6.705160491654053,23.846895276839547
l2_m14,20260729_Xpi_rcp_lemniscate_M14_L2_step16,rcp_lemniscate,checkpoint,113,112,82.82456064594531,6.705160491654053,23.846895276839547
l2_m14,20260729_Xpi_rcp_lemniscate_M14_L2_step16,rcp_lemniscate,checkpoint,114,113,82.82456064594531,6.705160491654053,23.846895276839547
l2_m14,20260729_Xpi_rcp_lemniscate_M14_L2_step16,rcp_lemniscate,final,115,114,82.82456064594531,6.705160491654053,23.846895276839547
l2_m14,20260729_Xpi_rcp_petal_M14_L2_step16,rcp_petal,projected_input,0,,40.62825398099419,5.060663385738209,11.810244793900981
l2_m14,20260729_Xpi_rcp_petal_M14_L2_step16,rcp_petal,checkpoint,1,0,40.62825398099419,5.060663385738209,11.810244793900981
l2_m14,20260729_Xpi_rcp_petal_M14_L2_step16,rcp_petal,checkpoint,2,1,42.444423428141704,4.903783879480077,13.225842230750613
l2_m14,20260729_Xpi_rcp_petal_M14_L2_step16,rcp_petal,checkpoint,3,2,73.48600805327979,6.687048144867129,19.788563861625533
l2_m14,20260729_Xpi_rcp_petal_M14_L2_step16,rcp_petal,checkpoint,4,3,83.23182909659702,6.854338513727451,23.135442290821686
l2_m14,20260729_Xpi_rcp_petal_M14_L2_step16,rcp_petal,checkpoint,5,4,82.8266218198338,6.709433780758967,23.798243047256598
l2_m14,20260729_Xpi_rcp_petal_M14_L2_step16,rcp_petal,checkpoint,6,5,82.82458476540342,6.705820197581965,23.842874056153228
l2_m14,20260729_Xpi_rcp_petal_M14_L2_step16,rcp_petal,checkpoint,7,6,82.82456141474559,6.705193419398144,23.84658050211549
l2_m14,20260729_Xpi_rcp_petal_M14_L2_step16,rcp_petal,checkpoint,8,7,82.82456077054545,6.7051646270286245,23.84687022679732
l2_m14,20260729_Xpi_rcp_petal_M14_L2_step16,rcp_petal,checkpoint,9,8,82.8245606704759,6.705160712258373,23.846893727766506
l2_m14,20260729_Xpi_rcp_petal_M14_L2_step16,rcp_petal,checkpoint,10,9,82.8245606508101,6.705160518894259,23.846895346728946
l2_m14,20260729_Xpi_rcp_petal_M14_L2_step16,rcp_petal,checkpoint,11,10,82.82456064691037,6.705160493081735,23.846895370675846
l2_m14,20260729_Xpi_rcp_petal_M14_L2_step16,rcp_petal,checkpoint,12,11,82.82456064613685,6.705160491837314,23.846895323531964
l2_m14,20260729_Xpi_rcp_petal_M14_L2_step16,rcp_petal,checkpoint,13,12,82.8245606459835,6.705160491663335,23.846895297949434
l2_m14,20260729_Xpi_rcp_petal_M14_L2_step16,rcp_petal,checkpoint,14,13,82.82456064595284,6.705160491655337,23.846895286176835
l2_m14,20260729_Xpi_rcp_petal_M14_L2_step16,rcp_petal,checkpoint,15,14,82.82456064594679,6.705160491654124,23.846895280903503
l2_m14,20260729_Xpi_rcp_petal_M14_L2_step16,rcp_petal,checkpoint,16,15,82.82456064594568,6.7051604916540635,23.846895278552427
l2_m14,20260729_Xpi_rcp_petal_M14_L2_step16,rcp_petal,checkpoint,17,16,82.82456064594535,6.705160491654056,23.846895277505055
l2_m14,20260729_Xpi_rcp_petal_M14_L2_step16,rcp_petal,checkpoint,18,17,82.82456064594545,6.705160491654064,23.8468952770386
l2_m14,20260729_Xpi_rcp_petal_M14_L2_step16,rcp_petal,checkpoint,19,18,82.82456064594545,6.705160491654064,23.8468952770386
l2_m14,20260729_Xpi_rcp_petal_M14_L2_step16,rcp_petal,checkpoint,20,19,82.82456064594545,6.705160491654064,23.8468952770386
l2_m14,20260729_Xpi_rcp_petal_M14_L2_step16,rcp_petal,checkpoint,21,20,82.82456064594545,6.705160491654064,23.8468952770386
l2_m14,20260729_Xpi_rcp_petal_M14_L2_step16,rcp_petal,checkpoint,22,21,82.82456064594545,6.705160491654064,23.8468952770386
l2_m14,20260729_Xpi_rcp_petal_M14_L2_step16,rcp_petal,checkpoint,23,22,82.82456064594545,6.705160491654064,23.8468952770386
l2_m14,20260729_Xpi_rcp_petal_M14_L2_step16,rcp_petal,checkpoint,24,23,82.82456064594545,6.705160491654064,23.8468952770386
l2_m14,20260729_Xpi_rcp_petal_M14_L2_step16,rcp_petal,checkpoint,25,24,82.82456064594545,6.705160491654064,23.8468952770386
l2_m14,20260729_Xpi_rcp_petal_M14_L2_step16,rcp_petal,checkpoint,26,25,82.82456064594545,6.705160491654064,23.8468952770386
l2_m14,20260729_Xpi_rcp_petal_M14_L2_step16,rcp_petal,checkpoint,27,26,82.82456064594545,6.705160491654064,23.8468952770386
l2_m14,20260729_Xpi_rcp_petal_M14_L2_step16,rcp_petal,checkpoint,28,27,82.82456064594541,6.705160491654062,23.846895276930415
l2_m14,20260729_Xpi_rcp_petal_M14_L2_step16,rcp_petal,checkpoint,29,28,82.82456064594541,6.705160491654062,23.846895276930415
l2_m14,20260729_Xpi_rcp_petal_M14_L2_step16,rcp_petal,checkpoint,30,29,82.82456064594541,6.705160491654062,23.846895276930415
l2_m14,20260729_Xpi_rcp_petal_M14_L2_step16,rcp_petal,checkpoint,31,30,82.82456064594541,6.705160491654062,23.846895276930415
l2_m14,20260729_Xpi_rcp_petal_M14_L2_step16,rcp_petal,checkpoint,32,31,82.82456064594541,6.705160491654062,23.846895276930415
l2_m14,20260729_Xpi_rcp_petal_M14_L2_step16,rcp_petal,checkpoint,33,32,82.82456064594541,6.705160491654062,23.846895276930415
l2_m14,20260729_Xpi_rcp_petal_M14_L2_step16,rcp_petal,checkpoint,34,33,82.82456064594541,6.705160491654062,23.846895276930415
l2_m14,20260729_Xpi_rcp_petal_M14_L2_step16,rcp_petal,checkpoint,35,34,82.82456064594543,6.705160491654064,23.84689527693041
l2_m14,20260729_Xpi_rcp_petal_M14_L2_step16,rcp_petal,checkpoint,36,35,82.82456064594543,6.705160491654064,23.84689527693041
l2_m14,20260729_Xpi_rcp_petal_M14_L2_step16,rcp_petal,checkpoint,37,36,82.82456064594543,6.705160491654064,23.84689527693041
l2_m14,20260729_Xpi_rcp_petal_M14_L2_step16,rcp_petal,checkpoint,38,37,82.82456064594543,6.705160491654064,23.84689527693041
l2_m14,20260729_Xpi_rcp_petal_M14_L2_step16,rcp_petal,checkpoint,39,38,82.82456064594543,6.705160491654064,23.84689527693041
l2_m14,20260729_Xpi_rcp_petal_M14_L2_step16,rcp_petal,checkpoint,40,39,82.82456064594541,6.7051604916540635,23.846895276930407
l2_m14,20260729_Xpi_rcp_petal_M14_L2_step16,rcp_petal,checkpoint,41,40,82.82456064594541,6.7051604916540635,23.846895276930407
l2_m14,20260729_Xpi_rcp_petal_M14_L2_step16,rcp_petal,checkpoint,42,41,82.82456064594541,6.7051604916540635,23.846895276930407
l2_m14,20260729_Xpi_rcp_petal_M14_L2_step16,rcp_petal,final,43,42,82.82456064594541,6.7051604916540635,23.846895276930407
l2_m14,20260729_Xpi_naive_M14_L2_step16,naive,projected_input,0,,12.176136379250295,3.141592734335306,4.934801820040421
l2_m14,20260729_Xpi_naive_M14_L2_step16,naive,checkpoint,1,0,12.176136379250295,3.141592734335306,4.934801820040421
l2_m14,20260729_Xpi_naive_M14_L2_step16,naive,checkpoint,2,1,15.606718610150853,3.5309841585492214,6.068489546138817
l2_m14,20260729_Xpi_naive_M14_L2_step16,naive,checkpoint,3,2,34.578524192526565,4.344540099652224,11.984913396393871
l2_m14,20260729_Xpi_naive_M14_L2_step16,naive,checkpoint,4,3,96.66507192010219,8.143394113065275,21.76716104894198
l2_m14,20260729_Xpi_naive_M14_L2_step16,naive,checkpoint,5,4,81.60799986189697,6.5342444271689475,23.897332777588133
l2_m14,20260729_Xpi_naive_M14_L2_step16,naive,checkpoint,6,5,82.81381804800297,6.7182760292455335,23.803714924819367
l2_m14,20260729_Xpi_naive_M14_L2_step16,naive,checkpoint,7,6,82.82622662630381,6.705241442313348,23.84313045183273
l2_m14,20260729_Xpi_naive_M14_L2_step16,naive,checkpoint,8,7,82.82488630971724,6.705252769448331,23.846617991864203
l2_m14,20260729_Xpi_naive_M14_L2_step16,naive,checkpoint,9,8,82.82462530071207,6.705163956460064,23.846897697396805
l2_m14,20260729_Xpi_naive_M14_L2_step16,naive,checkpoint,10,9,82.8245734717416,6.70516176352325,23.846905590150023
l2_m14,20260729_Xpi_naive_M14_L2_step16,naive,checkpoint,11,10,82.82456319011138,6.705160511178197,23.84690066255879
l2_m14,20260729_Xpi_naive_M14_L2_step16,naive,checkpoint,12,11,82.82456115061468,6.705160499298821,23.846897731287804
l2_m14,20260729_Xpi_naive_M14_L2_step16,naive,checkpoint,13,12,82.82456074605311,6.705160492388981,23.84689637407318
l2_m14,20260729_Xpi_naive_M14_L2_step16,naive,checkpoint,14,13,82.82456066580308,6.705160491830601,23.84689576559238
l2_m14,20260729_Xpi_naive_M14_L2_step16,naive,checkpoint,15,14,82.82456064988428,6.7051604916833885,23.846895494410234
l2_m14,20260729_Xpi_naive_M14_L2_step16,naive,checkpoint,16,15,82.82456064672674,6.705160491660132,23.846895373636936
l2_m14,20260729_Xpi_naive_M14_L2_step16,naive,checkpoint,17,16,82.82456064610058,6.705160491655226,23.8468953198522
l2_m14,20260729_Xpi_naive_M14_L2_step16,naive,checkpoint,18,17,82.82456064597618,6.705160491654287,23.84689529589882
l2_m14,20260729_Xpi_naive_M14_L2_step16,naive,checkpoint,19,18,82.82456064595141,6.705160491654102,23.846895285230723
l2_m14,20260729_Xpi_naive_M14_L2_step16,naive,checkpoint,20,19,82.82456064594669,6.705160491654067,23.84689528047949
l2_m14,20260729_Xpi_naive_M14_L2_step16,naive,checkpoint,21,20,82.82456064594562,6.705160491654055,23.846895278363323
l2_m14,20260729_Xpi_naive_M14_L2_step16,naive,checkpoint,22,21,82.82456064594548,6.705160491654065,23.846895277420852
l2_m14,20260729_Xpi_naive_M14_L2_step16,naive,checkpoint,23,22,82.82456064594538,6.7051604916540555,23.846895277001103
l2_m14,20260729_Xpi_naive_M14_L2_step16,naive,checkpoint,24,23,82.82456064594538,6.705160491654048,23.846895276814166
l2_m14,20260729_Xpi_naive_M14_L2_step16,naive,checkpoint,25,24,82.82456064594538,6.705160491654048,23.846895276814166
l2_m14,20260729_Xpi_naive_M14_L2_step16,naive,checkpoint,26,25,82.82456064594538,6.705160491654048,23.846895276814166
l2_m14,20260729_Xpi_naive_M14_L2_step16,naive,checkpoint,27,26,82.82456064594538,6.705160491654048,23.846895276814166
l2_m14,20260729_Xpi_naive_M14_L2_step16,naive,checkpoint,28,27,82.82456064594538,6.705160491654048,23.846895276814166
l2_m14,20260729_Xpi_naive_M14_L2_step16,naive,checkpoint,29,28,82.82456064594538,6.705160491654048,23.846895276814166
l2_m14,20260729_Xpi_naive_M14_L2_step16,naive,checkpoint,30,29,82.82456064594538,6.705160491654048,23.846895276814166
l2_m14,20260729_Xpi_naive_M14_L2_step16,naive,checkpoint,31,30,82.82456064594538,6.705160491654048,23.846895276814166
l2_m14,20260729_Xpi_naive_M14_L2_step16,naive,checkpoint,32,31,82.82456064594538,6.705160491654048,23.846895276814166
l2_m14,20260729_Xpi_naive_M14_L2_step16,naive,checkpoint,33,32,82.82456064594538,6.705160491654048,23.846895276814166
l2_m14,20260729_Xpi_naive_M14_L2_step16,naive,checkpoint,34,33,82.82456064594538,6.705160491654048,23.846895276814166
l2_m14,20260729_Xpi_naive_M14_L2_step16,naive,checkpoint,35,34,82.82456064594538,6.705160491654048,23.846895276814166
l2_m14,20260729_Xpi_naive_M14_L2_step16,naive,checkpoint,36,35,82.82456064594538,6.705160491654048,23.846895276814166
l2_m14,20260729_Xpi_naive_M14_L2_step16,naive,checkpoint,37,36,82.82456064594538,6.705160491654048,23.846895276814166
l2_m14,20260729_Xpi_naive_M14_L2_step16,naive,checkpoint,38,37,82.82456064594538,6.705160491654048,23.846895276814166
l2_m14,20260729_Xpi_naive_M14_L2_step16,naive,checkpoint,39,38,82.82456064594541,6.70516049165405,23.84689527681417
l2_m14,20260729_Xpi_naive_M14_L2_step16,naive,checkpoint,40,39,82.82456064594541,6.70516049165405,23.84689527681417
l2_m14,20260729_Xpi_naive_M14_L2_step16,naive,checkpoint,41,40,82.82456064594541,6.70516049165405,23.84689527681417
l2_m14,20260729_Xpi_naive_M14_L2_step16,naive,checkpoint,42,41,82.82456064594541,6.70516049165405,23.84689527681417
l2_m14,20260729_Xpi_naive_M14_L2_step16,naive,checkpoint,43,42,82.8245606459454,6.705160491654049,23.846895276814163
l2_m14,20260729_Xpi_naive_M14_L2_step16,naive,checkpoint,44,43,82.8245606459454,6.705160491654049,23.846895276814163
l2_m14,20260729_Xpi_naive_M14_L2_step16,naive,final,45,44,82.8245606459454,6.705160491654049,23.846895276814163
